,Country (2018),Transactions(down)/Commodity(right),Primary Coal and Peat,Coal and Peat Products,Primary Oil,Oil Products,Natural Gas,Biofuels and Waste,Nuclear,Electricity,Heat,Total Energy,memo: Of which Renewables,All Coal,All Oil,All Inputs
0,Samoa,Primary production,0.0,0.0,0.0,0.0,0.0,1466.0,0.0,231.0,3.0,1699.0,1699.0,0.0,0.0,1469.0
1,Samoa,Imports,0.0,0.0,0.0,4129.0,0.0,0.0,0.0,0.0,0.0,4129.0,0.0,0.0,4129.0,4129.0
2,Samoa,Exports,0.0,0.0,0.0,-29.0,0.0,0.0,0.0,0.0,0.0,-29.0,0.0,0.0,-29.0,-29.0
3,Samoa,International marine bunkers,0.0,0.0,0.0,0.0,0.0,0.0,0.0,0.0,0.0,0.0,0.0,0.0,0.0,0.0
4,Samoa,International aviation bunkers,0.0,0.0,0.0,-532.0,0.0,0.0,0.0,0.0,0.0,-532.0,0.0,0.0,-532.0,-532.0
5,Samoa,Stock changes,0.0,0.0,0.0,-21.0,0.0,0.0,0.0,0.0,0.0,-21.0,0.0,0.0,-21.0,-21.0
6,Samoa,Total energy supply,0.0,0.0,0.0,3548.0,0.0,1466.0,0.0,231.0,3.0,5247.0,1699.0,0.0,3548.0,5017.0
7,Samoa,Statistical differences,0.0,0.0,0.0,-4.0,0.0,0.0,0.0,0.0,0.0,-4.0,231.0,0.0,-4.0,-4.0
8,Samoa,Transfers and recycled products,0.0,0.0,0.0,0.0,0.0,0.0,0.0,0.0,0.0,0.0,0.0,0.0,0.0,0.0
9,Samoa,Transformation,0.0,0.0,0.0,-843.0,0.0,-13.0,0.0,322.0,0.0,-533.0,-13.0,0.0,-843.0,-856.0
10,Samoa,Electricity  CHP & Heat Plants,0.0,0.0,0.0,-843.0,0.0,0.0,0.0,322.0,0.0,-521.0,0.0,0.0,-843.0,-843.0
11,Samoa,Electricity Plants,0.0,0.0,0.0,-843.0,0.0,0.0,0.0,322.0,0.0,-521.0,0.0,0.0,-843.0,-843.0
12,Samoa,CHP plants,0.0,0.0,0.0,0.0,0.0,0.0,0.0,0.0,0.0,0.0,0.0,0.0,0.0,0.0
13,Samoa,Heat plants,0.0,0.0,0.0,0.0,0.0,0.0,0.0,0.0,0.0,0.0,0.0,0.0,0.0,0.0
14,Samoa,Coke ovens,0.0,0.0,0.0,0.0,0.0,0.0,0.0,0.0,0.0,0.0,0.0,0.0,0.0,0.0
15,Samoa,Briquetting plants,0.0,0.0,0.0,0.0,0.0,0.0,0.0,0.0,0.0,0.0,0.0,0.0,0.0,0.0
16,Samoa,Liquefaction plants,0.0,0.0,0.0,0.0,0.0,0.0,0.0,0.0,0.0,0.0,0.0,0.0,0.0,0.0
17,Samoa,Gas works,0.0,0.0,0.0,0.0,0.0,0.0,0.0,0.0,0.0,0.0,0.0,0.0,0.0,0.0
18,Samoa,Blast furnaces,0.0,0.0,0.0,0.0,0.0,0.0,0.0,0.0,0.0,0.0,0.0,0.0,0.0,0.0
19,Samoa,NGL & gas blending,0.0,0.0,0.0,0.0,0.0,0.0,0.0,0.0,0.0,0.0,0.0,0.0,0.0,0.0
20,Samoa,Oil refineries,0.0,0.0,0.0,0.0,0.0,0.0,0.0,0.0,0.0,0.0,0.0,0.0,0.0,0.0
21,Samoa,Other transformation,0.0,0.0,0.0,0.0,0.0,-13.0,0.0,0.0,0.0,-13.0,-13.0,0.0,0.0,-13.0
22,Samoa,Energy industries own use,0.0,0.0,0.0,0.0,0.0,0.0,0.0,-15.0,0.0,-15.0,0.0,0.0,0.0,0.0
23,Samoa,Losses,0.0,0.0,0.0,0.0,0.0,0.0,0.0,-54.0,0.0,-54.0,0.0,0.0,0.0,0.0
24,Samoa,Final consumption,0.0,0.0,0.0,2708.0,0.0,1453.0,0.0,484.0,3.0,4648.0,1456.0,0.0,2708.0,4164.0
25,Samoa,Final Energy Consumption,0.0,0.0,0.0,2588.0,0.0,1453.0,0.0,484.0,3.0,4528.0,1456.0,0.0,2588.0,4044.0
26,Samoa,Manufacturing  const. and mining,0.0,0.0,0.0,215.0,0.0,0.0,0.0,20.0,0.0,235.0,0.0,0.0,215.0,215.0
27,Samoa,Iron and steel,0.0,0.0,0.0,0.0,0.0,0.0,0.0,0.0,0.0,0.0,0.0,0.0,0.0,0.0
28,Samoa,Chemical and petrochemical,0.0,0.0,0.0,0.0,0.0,0.0,0.0,0.0,0.0,0.0,0.0,0.0,0.0,0.0
29,Samoa,Non-ferrous metals,0.0,0.0,0.0,0.0,0.0,0.0,0.0,0.0,0.0,0.0,0.0,0.0,0.0,0.0
30,Samoa,Non-metallic minerals,0.0,0.0,0.0,0.0,0.0,0.0,0.0,0.0,0.0,0.0,0.0,0.0,0.0,0.0
31,Samoa,Transport equipment,0.0,0.0,0.0,0.0,0.0,0.0,0.0,0.0,0.0,0.0,0.0,0.0,0.0,0.0
32,Samoa,Machinery,0.0,0.0,0.0,0.0,0.0,0.0,0.0,0.0,0.0,0.0,0.0,0.0,0.0,0.0
33,Samoa,Mining and quarrying,0.0,0.0,0.0,0.0,0.0,0.0,0.0,0.0,0.0,0.0,0.0,0.0,0.0,0.0
34,Samoa,Food and tobacco,0.0,0.0,0.0,0.0,0.0,0.0,0.0,0.0,0.0,0.0,0.0,0.0,0.0,0.0
35,Samoa,Paper  pulp and printing,0.0,0.0,0.0,0.0,0.0,0.0,0.0,0.0,0.0,0.0,0.0,0.0,0.0,0.0
36,Samoa,Wood and wood products,0.0,0.0,0.0,0.0,0.0,0.0,0.0,0.0,0.0,0.0,0.0,0.0,0.0,0.0
37,Samoa,Textile and leather,0.0,0.0,0.0,0.0,0.0,0.0,0.0,0.0,0.0,0.0,0.0,0.0,0.0,0.0
38,Samoa,Construction,0.0,0.0,0.0,0.0,0.0,0.0,0.0,0.0,0.0,0.0,0.0,0.0,0.0,0.0
39,Samoa,Industry n.e.s,0.0,0.0,0.0,215.0,0.0,0.0,0.0,20.0,0.0,235.0,0.0,0.0,215.0,215.0
40,Samoa,Transport,0.0,0.0,0.0,2014.0,0.0,0.0,0.0,0.0,0.0,2014.0,0.0,0.0,2014.0,2014.0
41,Samoa,Road,0.0,0.0,0.0,1756.0,0.0,0.0,0.0,0.0,0.0,1756.0,0.0,0.0,1756.0,1756.0
42,Samoa,Rail,0.0,0.0,0.0,0.0,0.0,0.0,0.0,0.0,0.0,0.0,0.0,0.0,0.0,0.0
43,Samoa,Domestic aviation,0.0,0.0,0.0,0.0,0.0,0.0,0.0,0.0,0.0,0.0,0.0,0.0,0.0,0.0
44,Samoa,Domestic navigation,0.0,0.0,0.0,258.0,0.0,0.0,0.0,0.0,0.0,258.0,0.0,0.0,258.0,258.0
45,Samoa,Pipeline transport,0.0,0.0,0.0,0.0,0.0,0.0,0.0,0.0,0.0,0.0,0.0,0.0,0.0,0.0
46,Samoa,Transport n.e.s,0.0,0.0,0.0,0.0,0.0,0.0,0.0,0.0,0.0,0.0,0.0,0.0,0.0,0.0
47,Samoa,Other Consumption,0.0,0.0,0.0,358.0,0.0,1453.0,0.0,464.0,3.0,2279.0,1456.0,0.0,358.0,1814.0
48,Samoa,Agriculture  forestry and fishing,0.0,0.0,0.0,35.0,0.0,5.0,0.0,0.0,0.0,40.0,5.0,0.0,35.0,40.0
49,Samoa,Commerce and public services,0.0,0.0,0.0,178.0,0.0,0.0,0.0,324.0,3.0,505.0,3.0,0.0,178.0,181.0
50,Samoa,Households,0.0,0.0,0.0,145.0,0.0,1448.0,0.0,140.0,0.0,1733.0,1448.0,0.0,145.0,1593.0
51,Samoa,Other consumption n.e.s,0.0,0.0,0.0,0.0,0.0,0.0,0.0,0.0,0.0,0.0,0.0,0.0,0.0,0.0
52,Samoa,Non-energy use,0.0,0.0,0.0,121.0,0.0,0.0,0.0,0.0,0.0,121.0,0.0,0.0,121.0,121.0
53,Nauru,Primary production,0.0,0.0,0.0,0.0,0.0,0.0,0.0,4.0,0.0,4.0,4.0,0.0,0.0,0.0
54,Nauru,Imports,0.0,0.0,0.0,1074.0,0.0,0.0,0.0,0.0,0.0,1074.0,0.0,0.0,1074.0,1074.0
55,Nauru,Exports,0.0,0.0,0.0,0.0,0.0,0.0,0.0,0.0,0.0,0.0,0.0,0.0,0.0,0.0
56,Nauru,International marine bunkers,0.0,0.0,0.0,-162.0,0.0,0.0,0.0,0.0,0.0,-162.0,0.0,0.0,-162.0,-162.0
57,Nauru,International aviation bunkers,0.0,0.0,0.0,-167.0,0.0,0.0,0.0,0.0,0.0,-167.0,0.0,0.0,-167.0,-167.0
58,Nauru,Stock changes,0.0,0.0,0.0,0.0,0.0,0.0,0.0,0.0,0.0,0.0,0.0,0.0,0.0,0.0
59,Nauru,Total energy supply,0.0,0.0,0.0,746.0,0.0,0.0,0.0,4.0,0.0,750.0,4.0,0.0,746.0,746.0
60,Nauru,Statistical differences,0.0,0.0,0.0,0.0,0.0,0.0,0.0,0.0,0.0,0.0,4.0,0.0,0.0,0.0
61,Nauru,Transfers and recycled products,0.0,0.0,0.0,0.0,0.0,0.0,0.0,0.0,0.0,0.0,0.0,0.0,0.0,0.0
62,Nauru,Transformation,0.0,0.0,0.0,-344.0,0.0,0.0,0.0,126.0,0.0,-218.0,0.0,0.0,-344.0,-344.0
63,Nauru,Electricity  CHP & Heat Plants,0.0,0.0,0.0,-344.0,0.0,0.0,0.0,126.0,0.0,-218.0,0.0,0.0,-344.0,-344.0
64,Nauru,Electricity Plants,0.0,0.0,0.0,-344.0,0.0,0.0,0.0,126.0,0.0,-218.0,0.0,0.0,-344.0,-344.0
65,Nauru,CHP plants,0.0,0.0,0.0,0.0,0.0,0.0,0.0,0.0,0.0,0.0,0.0,0.0,0.0,0.0
66,Nauru,Heat plants,0.0,0.0,0.0,0.0,0.0,0.0,0.0,0.0,0.0,0.0,0.0,0.0,0.0,0.0
67,Nauru,Coke ovens,0.0,0.0,0.0,0.0,0.0,0.0,0.0,0.0,0.0,0.0,0.0,0.0,0.0,0.0
68,Nauru,Briquetting plants,0.0,0.0,0.0,0.0,0.0,0.0,0.0,0.0,0.0,0.0,0.0,0.0,0.0,0.0
69,Nauru,Liquefaction plants,0.0,0.0,0.0,0.0,0.0,0.0,0.0,0.0,0.0,0.0,0.0,0.0,0.0,0.0
70,Nauru,Gas works,0.0,0.0,0.0,0.0,0.0,0.0,0.0,0.0,0.0,0.0,0.0,0.0,0.0,0.0
71,Nauru,Blast furnaces,0.0,0.0,0.0,0.0,0.0,0.0,0.0,0.0,0.0,0.0,0.0,0.0,0.0,0.0
72,Nauru,NGL & gas blending,0.0,0.0,0.0,0.0,0.0,0.0,0.0,0.0,0.0,0.0,0.0,0.0,0.0,0.0
73,Nauru,Oil refineries,0.0,0.0,0.0,0.0,0.0,0.0,0.0,0.0,0.0,0.0,0.0,0.0,0.0,0.0
74,Nauru,Other transformation,0.0,0.0,0.0,0.0,0.0,0.0,0.0,0.0,0.0,0.0,0.0,0.0,0.0,0.0
75,Nauru,Energy industries own use,0.0,0.0,0.0,0.0,0.0,0.0,0.0,-1.0,0.0,-1.0,0.0,0.0,0.0,0.0
76,Nauru,Losses,0.0,0.0,0.0,0.0,0.0,0.0,0.0,-28.0,0.0,-28.0,0.0,0.0,0.0,0.0
77,Nauru,Final consumption,0.0,0.0,0.0,401.0,0.0,0.0,0.0,101.0,0.0,502.0,0.0,0.0,401.0,401.0
78,Nauru,Final Energy Consumption,0.0,0.0,0.0,401.0,0.0,0.0,0.0,101.0,0.0,502.0,0.0,0.0,401.0,401.0
79,Nauru,Manufacturing  const. and mining,0.0,0.0,0.0,0.0,0.0,0.0,0.0,3.0,0.0,3.0,0.0,0.0,0.0,0.0
80,Nauru,Iron and steel,0.0,0.0,0.0,0.0,0.0,0.0,0.0,0.0,0.0,0.0,0.0,0.0,0.0,0.0
81,Nauru,Chemical and petrochemical,0.0,0.0,0.0,0.0,0.0,0.0,0.0,0.0,0.0,0.0,0.0,0.0,0.0,0.0
82,Nauru,Non-ferrous metals,0.0,0.0,0.0,0.0,0.0,0.0,0.0,0.0,0.0,0.0,0.0,0.0,0.0,0.0
83,Nauru,Non-metallic minerals,0.0,0.0,0.0,0.0,0.0,0.0,0.0,0.0,0.0,0.0,0.0,0.0,0.0,0.0
84,Nauru,Transport equipment,0.0,0.0,0.0,0.0,0.0,0.0,0.0,0.0,0.0,0.0,0.0,0.0,0.0,0.0
85,Nauru,Machinery,0.0,0.0,0.0,0.0,0.0,0.0,0.0,0.0,0.0,0.0,0.0,0.0,0.0,0.0
86,Nauru,Mining and quarrying,0.0,0.0,0.0,0.0,0.0,0.0,0.0,0.0,0.0,0.0,0.0,0.0,0.0,0.0
87,Nauru,Food and tobacco,0.0,0.0,0.0,0.0,0.0,0.0,0.0,0.0,0.0,0.0,0.0,0.0,0.0,0.0
88,Nauru,Paper  pulp and printing,0.0,0.0,0.0,0.0,0.0,0.0,0.0,0.0,0.0,0.0,0.0,0.0,0.0,0.0
89,Nauru,Wood and wood products,0.0,0.0,0.0,0.0,0.0,0.0,0.0,0.0,0.0,0.0,0.0,0.0,0.0,0.0
90,Nauru,Textile and leather,0.0,0.0,0.0,0.0,0.0,0.0,0.0,0.0,0.0,0.0,0.0,0.0,0.0,0.0
91,Nauru,Construction,0.0,0.0,0.0,0.0,0.0,0.0,0.0,0.0,0.0,0.0,0.0,0.0,0.0,0.0
92,Nauru,Industry n.e.s,0.0,0.0,0.0,0.0,0.0,0.0,0.0,3.0,0.0,3.0,0.0,0.0,0.0,0.0
93,Nauru,Transport,0.0,0.0,0.0,211.0,0.0,0.0,0.0,0.0,0.0,211.0,0.0,0.0,211.0,211.0
94,Nauru,Road,0.0,0.0,0.0,0.0,0.0,0.0,0.0,0.0,0.0,0.0,0.0,0.0,0.0,0.0
95,Nauru,Rail,0.0,0.0,0.0,0.0,0.0,0.0,0.0,0.0,0.0,0.0,0.0,0.0,0.0,0.0
96,Nauru,Domestic aviation,0.0,0.0,0.0,0.0,0.0,0.0,0.0,0.0,0.0,0.0,0.0,0.0,0.0,0.0
97,Nauru,Domestic navigation,0.0,0.0,0.0,0.0,0.0,0.0,0.0,0.0,0.0,0.0,0.0,0.0,0.0,0.0
98,Nauru,Pipeline transport,0.0,0.0,0.0,0.0,0.0,0.0,0.0,0.0,0.0,0.0,0.0,0.0,0.0,0.0
99,Nauru,Transport n.e.s,0.0,0.0,0.0,211.0,0.0,0.0,0.0,0.0,0.0,211.0,0.0,0.0,211.0,211.0
100,Nauru,Other Consumption,0.0,0.0,0.0,191.0,0.0,0.0,0.0,98.0,0.0,288.0,0.0,0.0,191.0,191.0
101,Nauru,Agriculture  forestry and fishing,0.0,0.0,0.0,0.0,0.0,0.0,0.0,0.0,0.0,0.0,0.0,0.0,0.0,0.0
102,Nauru,Commerce and public services,0.0,0.0,0.0,0.0,0.0,0.0,0.0,46.0,0.0,46.0,0.0,0.0,0.0,0.0
103,Nauru,Households,0.0,0.0,0.0,1.0,0.0,0.0,0.0,49.0,0.0,50.0,0.0,0.0,1.0,1.0
104,Nauru,Other consumption n.e.s,0.0,0.0,0.0,190.0,0.0,0.0,0.0,3.0,0.0,193.0,0.0,0.0,190.0,190.0
105,Nauru,Non-energy use,0.0,0.0,0.0,0.0,0.0,0.0,0.0,0.0,0.0,0.0,0.0,0.0,0.0,0.0
106,Vanuatu,Primary production,0.0,0.0,0.0,0.0,0.0,859.0,0.0,62.0,0.0,920.0,920.0,0.0,0.0,859.0
107,Vanuatu,Imports,0.0,0.0,0.0,3259.0,0.0,0.0,0.0,0.0,0.0,3259.0,0.0,0.0,3259.0,3259.0
108,Vanuatu,Exports,0.0,0.0,0.0,0.0,0.0,0.0,0.0,0.0,0.0,0.0,0.0,0.0,0.0,0.0
109,Vanuatu,International marine bunkers,0.0,0.0,0.0,-259.0,0.0,0.0,0.0,0.0,0.0,-259.0,0.0,0.0,-259.0,-259.0
110,Vanuatu,International aviation bunkers,0.0,0.0,0.0,-463.0,0.0,0.0,0.0,0.0,0.0,-463.0,0.0,0.0,-463.0,-463.0
111,Vanuatu,Stock changes,0.0,0.0,0.0,0.0,0.0,0.0,0.0,0.0,0.0,0.0,0.0,0.0,0.0,0.0
112,Vanuatu,Total energy supply,0.0,0.0,0.0,2537.0,0.0,859.0,0.0,62.0,0.0,3458.0,920.0,0.0,2537.0,3396.0
113,Vanuatu,Statistical differences,0.0,0.0,0.0,0.0,0.0,0.0,0.0,0.0,0.0,0.0,62.0,0.0,0.0,0.0
114,Vanuatu,Transfers and recycled products,0.0,0.0,0.0,0.0,0.0,0.0,0.0,0.0,0.0,0.0,0.0,0.0,0.0,0.0
115,Vanuatu,Transformation,0.0,0.0,0.0,-666.0,0.0,-44.0,0.0,225.0,0.0,-486.0,-44.0,0.0,-666.0,-710.0
116,Vanuatu,Electricity  CHP & Heat Plants,0.0,0.0,0.0,-666.0,0.0,-27.0,0.0,225.0,0.0,-469.0,-27.0,0.0,-666.0,-693.0
117,Vanuatu,Electricity Plants,0.0,0.0,0.0,-666.0,0.0,-27.0,0.0,225.0,0.0,-469.0,-27.0,0.0,-666.0,-693.0
118,Vanuatu,CHP plants,0.0,0.0,0.0,0.0,0.0,0.0,0.0,0.0,0.0,0.0,0.0,0.0,0.0,0.0
119,Vanuatu,Heat plants,0.0,0.0,0.0,0.0,0.0,0.0,0.0,0.0,0.0,0.0,0.0,0.0,0.0,0.0
120,Vanuatu,Coke ovens,0.0,0.0,0.0,0.0,0.0,0.0,0.0,0.0,0.0,0.0,0.0,0.0,0.0,0.0
121,Vanuatu,Briquetting plants,0.0,0.0,0.0,0.0,0.0,0.0,0.0,0.0,0.0,0.0,0.0,0.0,0.0,0.0
122,Vanuatu,Liquefaction plants,0.0,0.0,0.0,0.0,0.0,0.0,0.0,0.0,0.0,0.0,0.0,0.0,0.0,0.0
123,Vanuatu,Gas works,0.0,0.0,0.0,0.0,0.0,0.0,0.0,0.0,0.0,0.0,0.0,0.0,0.0,0.0
124,Vanuatu,Blast furnaces,0.0,0.0,0.0,0.0,0.0,0.0,0.0,0.0,0.0,0.0,0.0,0.0,0.0,0.0
125,Vanuatu,NGL & gas blending,0.0,0.0,0.0,0.0,0.0,0.0,0.0,0.0,0.0,0.0,0.0,0.0,0.0,0.0
126,Vanuatu,Oil refineries,0.0,0.0,0.0,0.0,0.0,0.0,0.0,0.0,0.0,0.0,0.0,0.0,0.0,0.0
127,Vanuatu,Other transformation,0.0,0.0,0.0,0.0,0.0,-16.0,0.0,0.0,0.0,-16.0,-16.0,0.0,0.0,-16.0
128,Vanuatu,Energy industries own use,0.0,0.0,0.0,0.0,0.0,0.0,0.0,-1.0,0.0,-1.0,0.0,0.0,0.0,0.0
129,Vanuatu,Losses,0.0,0.0,0.0,0.0,0.0,0.0,0.0,-32.0,0.0,-32.0,0.0,0.0,0.0,0.0
130,Vanuatu,Final consumption,0.0,0.0,0.0,1871.0,0.0,815.0,0.0,253.0,0.0,2939.0,815.0,0.0,1871.0,2686.0
131,Vanuatu,Final Energy Consumption,0.0,0.0,0.0,1782.0,0.0,815.0,0.0,253.0,0.0,2850.0,815.0,0.0,1782.0,2597.0
132,Vanuatu,Manufacturing  const. and mining,0.0,0.0,0.0,0.0,0.0,0.0,0.0,87.0,0.0,87.0,0.0,0.0,0.0,0.0
133,Vanuatu,Iron and steel,0.0,0.0,0.0,0.0,0.0,0.0,0.0,0.0,0.0,0.0,0.0,0.0,0.0,0.0
134,Vanuatu,Chemical and petrochemical,0.0,0.0,0.0,0.0,0.0,0.0,0.0,0.0,0.0,0.0,0.0,0.0,0.0,0.0
135,Vanuatu,Non-ferrous metals,0.0,0.0,0.0,0.0,0.0,0.0,0.0,0.0,0.0,0.0,0.0,0.0,0.0,0.0
136,Vanuatu,Non-metallic minerals,0.0,0.0,0.0,0.0,0.0,0.0,0.0,0.0,0.0,0.0,0.0,0.0,0.0,0.0
137,Vanuatu,Transport equipment,0.0,0.0,0.0,0.0,0.0,0.0,0.0,0.0,0.0,0.0,0.0,0.0,0.0,0.0
138,Vanuatu,Machinery,0.0,0.0,0.0,0.0,0.0,0.0,0.0,0.0,0.0,0.0,0.0,0.0,0.0,0.0
139,Vanuatu,Mining and quarrying,0.0,0.0,0.0,0.0,0.0,0.0,0.0,0.0,0.0,0.0,0.0,0.0,0.0,0.0
140,Vanuatu,Food and tobacco,0.0,0.0,0.0,0.0,0.0,0.0,0.0,0.0,0.0,0.0,0.0,0.0,0.0,0.0
141,Vanuatu,Paper  pulp and printing,0.0,0.0,0.0,0.0,0.0,0.0,0.0,0.0,0.0,0.0,0.0,0.0,0.0,0.0
142,Vanuatu,Wood and wood products,0.0,0.0,0.0,0.0,0.0,0.0,0.0,0.0,0.0,0.0,0.0,0.0,0.0,0.0
143,Vanuatu,Textile and leather,0.0,0.0,0.0,0.0,0.0,0.0,0.0,0.0,0.0,0.0,0.0,0.0,0.0,0.0
144,Vanuatu,Construction,0.0,0.0,0.0,0.0,0.0,0.0,0.0,0.0,0.0,0.0,0.0,0.0,0.0,0.0
145,Vanuatu,Industry n.e.s,0.0,0.0,0.0,0.0,0.0,0.0,0.0,87.0,0.0,87.0,0.0,0.0,0.0,0.0
146,Vanuatu,Transport,0.0,0.0,0.0,1721.0,0.0,0.0,0.0,0.0,0.0,1721.0,0.0,0.0,1721.0,1721.0
147,Vanuatu,Road,0.0,0.0,0.0,1562.0,0.0,0.0,0.0,0.0,0.0,1562.0,0.0,0.0,1562.0,1562.0
148,Vanuatu,Rail,0.0,0.0,0.0,0.0,0.0,0.0,0.0,0.0,0.0,0.0,0.0,0.0,0.0,0.0
149,Vanuatu,Domestic aviation,0.0,0.0,0.0,0.0,0.0,0.0,0.0,0.0,0.0,0.0,0.0,0.0,0.0,0.0
150,Vanuatu,Domestic navigation,0.0,0.0,0.0,158.0,0.0,0.0,0.0,0.0,0.0,158.0,0.0,0.0,158.0,158.0
151,Vanuatu,Pipeline transport,0.0,0.0,0.0,0.0,0.0,0.0,0.0,0.0,0.0,0.0,0.0,0.0,0.0,0.0
152,Vanuatu,Transport n.e.s,0.0,0.0,0.0,0.0,0.0,0.0,0.0,0.0,0.0,0.0,0.0,0.0,0.0,0.0
153,Vanuatu,Other Consumption,0.0,0.0,0.0,62.0,0.0,815.0,0.0,166.0,0.0,1043.0,815.0,0.0,62.0,877.0
154,Vanuatu,Agriculture  forestry and fishing,0.0,0.0,0.0,0.0,0.0,0.0,0.0,0.0,0.0,0.0,0.0,0.0,0.0,0.0
155,Vanuatu,Commerce and public services,0.0,0.0,0.0,0.0,0.0,0.0,0.0,83.0,0.0,83.0,0.0,0.0,0.0,0.0
156,Vanuatu,Households,0.0,0.0,0.0,62.0,0.0,815.0,0.0,80.0,0.0,957.0,815.0,0.0,62.0,877.0
157,Vanuatu,Other consumption n.e.s,0.0,0.0,0.0,0.0,0.0,0.0,0.0,4.0,0.0,4.0,0.0,0.0,0.0,0.0
158,Vanuatu,Non-energy use,0.0,0.0,0.0,88.0,0.0,0.0,0.0,0.0,0.0,88.0,0.0,0.0,88.0,88.0
159,Palau,Primary production,0.0,0.0,0.0,0.0,0.0,0.0,0.0,1.0,0.0,1.0,1.0,0.0,0.0,0.0
160,Palau,Imports,0.0,0.0,0.0,3537.0,0.0,0.0,0.0,0.0,0.0,3537.0,0.0,0.0,3537.0,3537.0
161,Palau,Exports,0.0,0.0,0.0,0.0,0.0,0.0,0.0,0.0,0.0,0.0,0.0,0.0,0.0,0.0
162,Palau,International marine bunkers,0.0,0.0,0.0,0.0,0.0,0.0,0.0,0.0,0.0,0.0,0.0,0.0,0.0,0.0
163,Palau,International aviation bunkers,0.0,0.0,0.0,-573.0,0.0,0.0,0.0,0.0,0.0,-573.0,0.0,0.0,-573.0,-573.0
164,Palau,Stock changes,0.0,0.0,0.0,0.0,0.0,0.0,0.0,0.0,0.0,0.0,0.0,0.0,0.0,0.0
165,Palau,Total energy supply,0.0,0.0,0.0,2963.0,0.0,0.0,0.0,1.0,0.0,2965.0,1.0,0.0,2963.0,2963.0
166,Palau,Statistical differences,0.0,0.0,0.0,0.0,0.0,0.0,0.0,0.0,0.0,0.0,1.0,0.0,0.0,0.0
167,Palau,Transfers and recycled products,0.0,0.0,0.0,0.0,0.0,0.0,0.0,0.0,0.0,0.0,0.0,0.0,0.0,0.0
168,Palau,Transformation,0.0,0.0,0.0,-1053.0,0.0,0.0,0.0,340.0,0.0,-713.0,0.0,0.0,-1053.0,-1053.0
169,Palau,Electricity  CHP & Heat Plants,0.0,0.0,0.0,-1053.0,0.0,0.0,0.0,340.0,0.0,-713.0,0.0,0.0,-1053.0,-1053.0
170,Palau,Electricity Plants,0.0,0.0,0.0,-1053.0,0.0,0.0,0.0,340.0,0.0,-713.0,0.0,0.0,-1053.0,-1053.0
171,Palau,CHP plants,0.0,0.0,0.0,0.0,0.0,0.0,0.0,0.0,0.0,0.0,0.0,0.0,0.0,0.0
172,Palau,Heat plants,0.0,0.0,0.0,0.0,0.0,0.0,0.0,0.0,0.0,0.0,0.0,0.0,0.0,0.0
173,Palau,Coke ovens,0.0,0.0,0.0,0.0,0.0,0.0,0.0,0.0,0.0,0.0,0.0,0.0,0.0,0.0
174,Palau,Briquetting plants,0.0,0.0,0.0,0.0,0.0,0.0,0.0,0.0,0.0,0.0,0.0,0.0,0.0,0.0
175,Palau,Liquefaction plants,0.0,0.0,0.0,0.0,0.0,0.0,0.0,0.0,0.0,0.0,0.0,0.0,0.0,0.0
176,Palau,Gas works,0.0,0.0,0.0,0.0,0.0,0.0,0.0,0.0,0.0,0.0,0.0,0.0,0.0,0.0
177,Palau,Blast furnaces,0.0,0.0,0.0,0.0,0.0,0.0,0.0,0.0,0.0,0.0,0.0,0.0,0.0,0.0
178,Palau,NGL & gas blending,0.0,0.0,0.0,0.0,0.0,0.0,0.0,0.0,0.0,0.0,0.0,0.0,0.0,0.0
179,Palau,Oil refineries,0.0,0.0,0.0,0.0,0.0,0.0,0.0,0.0,0.0,0.0,0.0,0.0,0.0,0.0
180,Palau,Other transformation,0.0,0.0,0.0,0.0,0.0,0.0,0.0,0.0,0.0,0.0,0.0,0.0,0.0,0.0
181,Palau,Energy industries own use,0.0,0.0,0.0,0.0,0.0,0.0,0.0,-21.0,0.0,-21.0,0.0,0.0,0.0,0.0
182,Palau,Losses,0.0,0.0,0.0,0.0,0.0,0.0,0.0,-58.0,0.0,-58.0,0.0,0.0,0.0,0.0
183,Palau,Final consumption,0.0,0.0,0.0,1910.0,0.0,0.0,0.0,263.0,0.0,2173.0,0.0,0.0,1910.0,1910.0
184,Palau,Final Energy Consumption,0.0,0.0,0.0,1870.0,0.0,0.0,0.0,263.0,0.0,2133.0,0.0,0.0,1870.0,1870.0
185,Palau,Manufacturing  const. and mining,0.0,0.0,0.0,0.0,0.0,0.0,0.0,22.0,0.0,22.0,0.0,0.0,0.0,0.0
186,Palau,Iron and steel,0.0,0.0,0.0,0.0,0.0,0.0,0.0,0.0,0.0,0.0,0.0,0.0,0.0,0.0
187,Palau,Chemical and petrochemical,0.0,0.0,0.0,0.0,0.0,0.0,0.0,0.0,0.0,0.0,0.0,0.0,0.0,0.0
188,Palau,Non-ferrous metals,0.0,0.0,0.0,0.0,0.0,0.0,0.0,0.0,0.0,0.0,0.0,0.0,0.0,0.0
189,Palau,Non-metallic minerals,0.0,0.0,0.0,0.0,0.0,0.0,0.0,0.0,0.0,0.0,0.0,0.0,0.0,0.0
190,Palau,Transport equipment,0.0,0.0,0.0,0.0,0.0,0.0,0.0,0.0,0.0,0.0,0.0,0.0,0.0,0.0
191,Palau,Machinery,0.0,0.0,0.0,0.0,0.0,0.0,0.0,0.0,0.0,0.0,0.0,0.0,0.0,0.0
192,Palau,Mining and quarrying,0.0,0.0,0.0,0.0,0.0,0.0,0.0,0.0,0.0,0.0,0.0,0.0,0.0,0.0
193,Palau,Food and tobacco,0.0,0.0,0.0,0.0,0.0,0.0,0.0,0.0,0.0,0.0,0.0,0.0,0.0,0.0
194,Palau,Paper  pulp and printing,0.0,0.0,0.0,0.0,0.0,0.0,0.0,0.0,0.0,0.0,0.0,0.0,0.0,0.0
195,Palau,Wood and wood products,0.0,0.0,0.0,0.0,0.0,0.0,0.0,0.0,0.0,0.0,0.0,0.0,0.0,0.0
196,Palau,Textile and leather,0.0,0.0,0.0,0.0,0.0,0.0,0.0,0.0,0.0,0.0,0.0,0.0,0.0,0.0
197,Palau,Construction,0.0,0.0,0.0,0.0,0.0,0.0,0.0,0.0,0.0,0.0,0.0,0.0,0.0,0.0
198,Palau,Industry n.e.s,0.0,0.0,0.0,0.0,0.0,0.0,0.0,22.0,0.0,22.0,0.0,0.0,0.0,0.0
199,Palau,Transport,0.0,0.0,0.0,1778.0,0.0,0.0,0.0,0.0,0.0,1778.0,0.0,0.0,1778.0,1778.0
200,Palau,Road,0.0,0.0,0.0,505.0,0.0,0.0,0.0,0.0,0.0,505.0,0.0,0.0,505.0,505.0
201,Palau,Rail,0.0,0.0,0.0,0.0,0.0,0.0,0.0,0.0,0.0,0.0,0.0,0.0,0.0,0.0
202,Palau,Domestic aviation,0.0,0.0,0.0,0.0,0.0,0.0,0.0,0.0,0.0,0.0,0.0,0.0,0.0,0.0
203,Palau,Domestic navigation,0.0,0.0,0.0,1273.0,0.0,0.0,0.0,0.0,0.0,1273.0,0.0,0.0,1273.0,1273.0
204,Palau,Pipeline transport,0.0,0.0,0.0,0.0,0.0,0.0,0.0,0.0,0.0,0.0,0.0,0.0,0.0,0.0
205,Palau,Transport n.e.s,0.0,0.0,0.0,0.0,0.0,0.0,0.0,0.0,0.0,0.0,0.0,0.0,0.0,0.0
206,Palau,Other Consumption,0.0,0.0,0.0,92.0,0.0,0.0,0.0,241.0,0.0,334.0,0.0,0.0,92.0,92.0
207,Palau,Agriculture  forestry and fishing,0.0,0.0,0.0,0.0,0.0,0.0,0.0,0.0,0.0,0.0,0.0,0.0,0.0,0.0
208,Palau,Commerce and public services,0.0,0.0,0.0,0.0,0.0,0.0,0.0,158.0,0.0,158.0,0.0,0.0,0.0,0.0
209,Palau,Households,0.0,0.0,0.0,92.0,0.0,0.0,0.0,83.0,0.0,176.0,0.0,0.0,92.0,92.0
210,Palau,Other consumption n.e.s,0.0,0.0,0.0,0.0,0.0,0.0,0.0,0.0,0.0,0.0,0.0,0.0,0.0,0.0
211,Palau,Non-energy use,0.0,0.0,0.0,40.0,0.0,0.0,0.0,0.0,0.0,40.0,0.0,0.0,40.0,40.0
212,Kiribati,Primary production,0.0,0.0,0.0,0.0,0.0,542.0,0.0,18.0,0.0,560.0,560.0,0.0,0.0,542.0
213,Kiribati,Imports,0.0,0.0,0.0,1041.0,0.0,0.0,0.0,0.0,0.0,1041.0,0.0,0.0,1041.0,1041.0
214,Kiribati,Exports,0.0,0.0,0.0,0.0,0.0,0.0,0.0,0.0,0.0,0.0,0.0,0.0,0.0,0.0
215,Kiribati,International marine bunkers,0.0,0.0,0.0,0.0,0.0,0.0,0.0,0.0,0.0,0.0,0.0,0.0,0.0,0.0
216,Kiribati,International aviation bunkers,0.0,0.0,0.0,-28.0,0.0,0.0,0.0,0.0,0.0,-28.0,0.0,0.0,-28.0,-28.0
217,Kiribati,Stock changes,0.0,0.0,0.0,0.0,0.0,0.0,0.0,0.0,0.0,0.0,0.0,0.0,0.0,0.0
218,Kiribati,Total energy supply,0.0,0.0,0.0,1013.0,0.0,542.0,0.0,18.0,0.0,1573.0,560.0,0.0,1013.0,1555.0
219,Kiribati,Statistical differences,0.0,0.0,0.0,0.0,0.0,0.0,0.0,4.0,0.0,4.0,18.0,0.0,0.0,0.0
220,Kiribati,Transfers and recycled products,0.0,0.0,0.0,0.0,0.0,0.0,0.0,0.0,0.0,0.0,0.0,0.0,0.0,0.0
221,Kiribati,Transformation,0.0,0.0,0.0,-301.0,0.0,-10.0,0.0,95.0,0.0,-216.0,-10.0,0.0,-301.0,-311.0
222,Kiribati,Electricity  CHP & Heat Plants,0.0,0.0,0.0,-301.0,0.0,0.0,0.0,95.0,0.0,-206.0,0.0,0.0,-301.0,-301.0
223,Kiribati,Electricity Plants,0.0,0.0,0.0,-301.0,0.0,0.0,0.0,95.0,0.0,-206.0,0.0,0.0,-301.0,-301.0
224,Kiribati,CHP plants,0.0,0.0,0.0,0.0,0.0,0.0,0.0,0.0,0.0,0.0,0.0,0.0,0.0,0.0
225,Kiribati,Heat plants,0.0,0.0,0.0,0.0,0.0,0.0,0.0,0.0,0.0,0.0,0.0,0.0,0.0,0.0
226,Kiribati,Coke ovens,0.0,0.0,0.0,0.0,0.0,0.0,0.0,0.0,0.0,0.0,0.0,0.0,0.0,0.0
227,Kiribati,Briquetting plants,0.0,0.0,0.0,0.0,0.0,0.0,0.0,0.0,0.0,0.0,0.0,0.0,0.0,0.0
228,Kiribati,Liquefaction plants,0.0,0.0,0.0,0.0,0.0,0.0,0.0,0.0,0.0,0.0,0.0,0.0,0.0,0.0
229,Kiribati,Gas works,0.0,0.0,0.0,0.0,0.0,0.0,0.0,0.0,0.0,0.0,0.0,0.0,0.0,0.0
230,Kiribati,Blast furnaces,0.0,0.0,0.0,0.0,0.0,0.0,0.0,0.0,0.0,0.0,0.0,0.0,0.0,0.0
231,Kiribati,NGL & gas blending,0.0,0.0,0.0,0.0,0.0,0.0,0.0,0.0,0.0,0.0,0.0,0.0,0.0,0.0
232,Kiribati,Oil refineries,0.0,0.0,0.0,0.0,0.0,0.0,0.0,0.0,0.0,0.0,0.0,0.0,0.0,0.0
233,Kiribati,Other transformation,0.0,0.0,0.0,0.0,0.0,-10.0,0.0,0.0,0.0,-10.0,-10.0,0.0,0.0,-10.0
234,Kiribati,Energy industries own use,0.0,0.0,0.0,0.0,0.0,0.0,0.0,-5.0,0.0,-5.0,0.0,0.0,0.0,0.0
235,Kiribati,Losses,0.0,0.0,0.0,0.0,0.0,0.0,0.0,-17.0,0.0,-17.0,0.0,0.0,0.0,0.0
236,Kiribati,Final consumption,0.0,0.0,0.0,712.0,0.0,532.0,0.0,87.0,0.0,1331.0,532.0,0.0,712.0,1244.0
237,Kiribati,Final Energy Consumption,0.0,0.0,0.0,708.0,0.0,532.0,0.0,87.0,0.0,1327.0,532.0,0.0,708.0,1240.0
238,Kiribati,Manufacturing  const. and mining,0.0,0.0,0.0,9.0,0.0,0.0,0.0,8.0,0.0,17.0,0.0,0.0,9.0,9.0
239,Kiribati,Iron and steel,0.0,0.0,0.0,0.0,0.0,0.0,0.0,0.0,0.0,0.0,0.0,0.0,0.0,0.0
240,Kiribati,Chemical and petrochemical,0.0,0.0,0.0,0.0,0.0,0.0,0.0,0.0,0.0,0.0,0.0,0.0,0.0,0.0
241,Kiribati,Non-ferrous metals,0.0,0.0,0.0,0.0,0.0,0.0,0.0,0.0,0.0,0.0,0.0,0.0,0.0,0.0
242,Kiribati,Non-metallic minerals,0.0,0.0,0.0,0.0,0.0,0.0,0.0,0.0,0.0,0.0,0.0,0.0,0.0,0.0
243,Kiribati,Transport equipment,0.0,0.0,0.0,0.0,0.0,0.0,0.0,0.0,0.0,0.0,0.0,0.0,0.0,0.0
244,Kiribati,Machinery,0.0,0.0,0.0,0.0,0.0,0.0,0.0,0.0,0.0,0.0,0.0,0.0,0.0,0.0
245,Kiribati,Mining and quarrying,0.0,0.0,0.0,0.0,0.0,0.0,0.0,0.0,0.0,0.0,0.0,0.0,0.0,0.0
246,Kiribati,Food and tobacco,0.0,0.0,0.0,0.0,0.0,0.0,0.0,0.0,0.0,0.0,0.0,0.0,0.0,0.0
247,Kiribati,Paper  pulp and printing,0.0,0.0,0.0,0.0,0.0,0.0,0.0,0.0,0.0,0.0,0.0,0.0,0.0,0.0
248,Kiribati,Wood and wood products,0.0,0.0,0.0,0.0,0.0,0.0,0.0,0.0,0.0,0.0,0.0,0.0,0.0,0.0
249,Kiribati,Textile and leather,0.0,0.0,0.0,0.0,0.0,0.0,0.0,0.0,0.0,0.0,0.0,0.0,0.0,0.0
250,Kiribati,Construction,0.0,0.0,0.0,0.0,0.0,0.0,0.0,0.0,0.0,0.0,0.0,0.0,0.0,0.0
251,Kiribati,Industry n.e.s,0.0,0.0,0.0,9.0,0.0,0.0,0.0,8.0,0.0,17.0,0.0,0.0,9.0,9.0
252,Kiribati,Transport,0.0,0.0,0.0,444.0,0.0,0.0,0.0,0.0,0.0,444.0,0.0,0.0,444.0,444.0
253,Kiribati,Road,0.0,0.0,0.0,347.0,0.0,0.0,0.0,0.0,0.0,347.0,0.0,0.0,347.0,347.0
254,Kiribati,Rail,0.0,0.0,0.0,0.0,0.0,0.0,0.0,0.0,0.0,0.0,0.0,0.0,0.0,0.0
255,Kiribati,Domestic aviation,0.0,0.0,0.0,35.0,0.0,0.0,0.0,0.0,0.0,35.0,0.0,0.0,35.0,35.0
256,Kiribati,Domestic navigation,0.0,0.0,0.0,62.0,0.0,0.0,0.0,0.0,0.0,62.0,0.0,0.0,62.0,62.0
257,Kiribati,Pipeline transport,0.0,0.0,0.0,0.0,0.0,0.0,0.0,0.0,0.0,0.0,0.0,0.0,0.0,0.0
258,Kiribati,Transport n.e.s,0.0,0.0,0.0,0.0,0.0,0.0,0.0,0.0,0.0,0.0,0.0,0.0,0.0,0.0
259,Kiribati,Other Consumption,0.0,0.0,0.0,255.0,0.0,532.0,0.0,79.0,0.0,867.0,532.0,0.0,255.0,787.0
260,Kiribati,Agriculture  forestry and fishing,0.0,0.0,0.0,117.0,0.0,0.0,0.0,0.0,0.0,117.0,0.0,0.0,117.0,117.0
261,Kiribati,Commerce and public services,0.0,0.0,0.0,34.0,0.0,0.0,0.0,44.0,0.0,78.0,0.0,0.0,34.0,34.0
262,Kiribati,Households,0.0,0.0,0.0,104.0,0.0,532.0,0.0,35.0,0.0,671.0,532.0,0.0,104.0,636.0
263,Kiribati,Other consumption n.e.s,0.0,0.0,0.0,0.0,0.0,0.0,0.0,0.0,0.0,0.0,0.0,0.0,0.0,0.0
264,Kiribati,Non-energy use,0.0,0.0,0.0,4.0,0.0,0.0,0.0,0.0,0.0,4.0,0.0,0.0,4.0,4.0
265,Cook Islands,Primary production,0.0,0.0,0.0,0.0,0.0,0.0,0.0,38.0,0.0,38.0,38.0,0.0,0.0,0.0
266,Cook Islands,Imports,0.0,0.0,0.0,1528.0,0.0,0.0,0.0,0.0,0.0,1528.0,0.0,0.0,1528.0,1528.0
267,Cook Islands,Exports,0.0,0.0,0.0,0.0,0.0,0.0,0.0,0.0,0.0,0.0,0.0,0.0,0.0,0.0
268,Cook Islands,International marine bunkers,0.0,0.0,0.0,-63.0,0.0,0.0,0.0,0.0,0.0,-63.0,0.0,0.0,-63.0,-63.0
269,Cook Islands,International aviation bunkers,0.0,0.0,0.0,-416.0,0.0,0.0,0.0,0.0,0.0,-416.0,0.0,0.0,-416.0,-416.0
270,Cook Islands,Stock changes,0.0,0.0,0.0,0.0,0.0,0.0,0.0,0.0,0.0,0.0,0.0,0.0,0.0,0.0
271,Cook Islands,Total energy supply,0.0,0.0,0.0,1049.0,0.0,0.0,0.0,38.0,0.0,1087.0,38.0,0.0,1049.0,1049.0
272,Cook Islands,Statistical differences,0.0,0.0,0.0,0.0,0.0,0.0,0.0,0.0,0.0,0.0,38.0,0.0,0.0,0.0
273,Cook Islands,Transfers and recycled products,0.0,0.0,0.0,0.0,0.0,0.0,0.0,0.0,0.0,0.0,0.0,0.0,0.0,0.0
274,Cook Islands,Transformation,0.0,0.0,0.0,-348.0,0.0,0.0,0.0,111.0,0.0,-237.0,0.0,0.0,-348.0,-348.0
275,Cook Islands,Electricity  CHP & Heat Plants,0.0,0.0,0.0,-348.0,0.0,0.0,0.0,111.0,0.0,-237.0,0.0,0.0,-348.0,-348.0
276,Cook Islands,Electricity Plants,0.0,0.0,0.0,-348.0,0.0,0.0,0.0,111.0,0.0,-237.0,0.0,0.0,-348.0,-348.0
277,Cook Islands,CHP plants,0.0,0.0,0.0,0.0,0.0,0.0,0.0,0.0,0.0,0.0,0.0,0.0,0.0,0.0
278,Cook Islands,Heat plants,0.0,0.0,0.0,0.0,0.0,0.0,0.0,0.0,0.0,0.0,0.0,0.0,0.0,0.0
279,Cook Islands,Coke ovens,0.0,0.0,0.0,0.0,0.0,0.0,0.0,0.0,0.0,0.0,0.0,0.0,0.0,0.0
280,Cook Islands,Briquetting plants,0.0,0.0,0.0,0.0,0.0,0.0,0.0,0.0,0.0,0.0,0.0,0.0,0.0,0.0
281,Cook Islands,Liquefaction plants,0.0,0.0,0.0,0.0,0.0,0.0,0.0,0.0,0.0,0.0,0.0,0.0,0.0,0.0
282,Cook Islands,Gas works,0.0,0.0,0.0,0.0,0.0,0.0,0.0,0.0,0.0,0.0,0.0,0.0,0.0,0.0
283,Cook Islands,Blast furnaces,0.0,0.0,0.0,0.0,0.0,0.0,0.0,0.0,0.0,0.0,0.0,0.0,0.0,0.0
284,Cook Islands,NGL & gas blending,0.0,0.0,0.0,0.0,0.0,0.0,0.0,0.0,0.0,0.0,0.0,0.0,0.0,0.0
285,Cook Islands,Oil refineries,0.0,0.0,0.0,0.0,0.0,0.0,0.0,0.0,0.0,0.0,0.0,0.0,0.0,0.0
286,Cook Islands,Other transformation,0.0,0.0,0.0,0.0,0.0,0.0,0.0,0.0,0.0,0.0,0.0,0.0,0.0,0.0
287,Cook Islands,Energy industries own use,0.0,0.0,0.0,0.0,0.0,0.0,0.0,0.0,0.0,0.0,0.0,0.0,0.0,0.0
288,Cook Islands,Losses,0.0,0.0,0.0,0.0,0.0,0.0,0.0,0.0,0.0,0.0,0.0,0.0,0.0,0.0
289,Cook Islands,Final consumption,0.0,0.0,0.0,701.0,0.0,0.0,0.0,149.0,0.0,850.0,0.0,0.0,701.0,701.0
290,Cook Islands,Final Energy Consumption,0.0,0.0,0.0,701.0,0.0,0.0,0.0,149.0,0.0,850.0,0.0,0.0,701.0,701.0
291,Cook Islands,Manufacturing  const. and mining,0.0,0.0,0.0,0.0,0.0,0.0,0.0,0.0,0.0,0.0,0.0,0.0,0.0,0.0
292,Cook Islands,Iron and steel,0.0,0.0,0.0,0.0,0.0,0.0,0.0,0.0,0.0,0.0,0.0,0.0,0.0,0.0
293,Cook Islands,Chemical and petrochemical,0.0,0.0,0.0,0.0,0.0,0.0,0.0,0.0,0.0,0.0,0.0,0.0,0.0,0.0
294,Cook Islands,Non-ferrous metals,0.0,0.0,0.0,0.0,0.0,0.0,0.0,0.0,0.0,0.0,0.0,0.0,0.0,0.0
295,Cook Islands,Non-metallic minerals,0.0,0.0,0.0,0.0,0.0,0.0,0.0,0.0,0.0,0.0,0.0,0.0,0.0,0.0
296,Cook Islands,Transport equipment,0.0,0.0,0.0,0.0,0.0,0.0,0.0,0.0,0.0,0.0,0.0,0.0,0.0,0.0
297,Cook Islands,Machinery,0.0,0.0,0.0,0.0,0.0,0.0,0.0,0.0,0.0,0.0,0.0,0.0,0.0,0.0
298,Cook Islands,Mining and quarrying,0.0,0.0,0.0,0.0,0.0,0.0,0.0,0.0,0.0,0.0,0.0,0.0,0.0,0.0
299,Cook Islands,Food and tobacco,0.0,0.0,0.0,0.0,0.0,0.0,0.0,0.0,0.0,0.0,0.0,0.0,0.0,0.0
300,Cook Islands,Paper  pulp and printing,0.0,0.0,0.0,0.0,0.0,0.0,0.0,0.0,0.0,0.0,0.0,0.0,0.0,0.0
301,Cook Islands,Wood and wood products,0.0,0.0,0.0,0.0,0.0,0.0,0.0,0.0,0.0,0.0,0.0,0.0,0.0,0.0
302,Cook Islands,Textile and leather,0.0,0.0,0.0,0.0,0.0,0.0,0.0,0.0,0.0,0.0,0.0,0.0,0.0,0.0
303,Cook Islands,Construction,0.0,0.0,0.0,0.0,0.0,0.0,0.0,0.0,0.0,0.0,0.0,0.0,0.0,0.0
304,Cook Islands,Industry n.e.s,0.0,0.0,0.0,0.0,0.0,0.0,0.0,0.0,0.0,0.0,0.0,0.0,0.0,0.0
305,Cook Islands,Transport,0.0,0.0,0.0,701.0,0.0,0.0,0.0,0.0,0.0,701.0,0.0,0.0,701.0,701.0
306,Cook Islands,Road,0.0,0.0,0.0,318.0,0.0,0.0,0.0,0.0,0.0,318.0,0.0,0.0,318.0,318.0
307,Cook Islands,Rail,0.0,0.0,0.0,0.0,0.0,0.0,0.0,0.0,0.0,0.0,0.0,0.0,0.0,0.0
308,Cook Islands,Domestic aviation,0.0,0.0,0.0,0.0,0.0,0.0,0.0,0.0,0.0,0.0,0.0,0.0,0.0,0.0
309,Cook Islands,Domestic navigation,0.0,0.0,0.0,95.0,0.0,0.0,0.0,0.0,0.0,95.0,0.0,0.0,95.0,95.0
310,Cook Islands,Pipeline transport,0.0,0.0,0.0,0.0,0.0,0.0,0.0,0.0,0.0,0.0,0.0,0.0,0.0,0.0
311,Cook Islands,Transport n.e.s,0.0,0.0,0.0,288.0,0.0,0.0,0.0,0.0,0.0,288.0,0.0,0.0,288.0,288.0
312,Cook Islands,Other Consumption,0.0,0.0,0.0,0.0,0.0,0.0,0.0,149.0,0.0,149.0,0.0,0.0,0.0,0.0
313,Cook Islands,Agriculture  forestry and fishing,0.0,0.0,0.0,0.0,0.0,0.0,0.0,0.0,0.0,0.0,0.0,0.0,0.0,0.0
314,Cook Islands,Commerce and public services,0.0,0.0,0.0,0.0,0.0,0.0,0.0,0.0,0.0,0.0,0.0,0.0,0.0,0.0
315,Cook Islands,Households,0.0,0.0,0.0,0.0,0.0,0.0,0.0,0.0,0.0,0.0,0.0,0.0,0.0,0.0
316,Cook Islands,Other consumption n.e.s,0.0,0.0,0.0,0.0,0.0,0.0,0.0,149.0,0.0,149.0,0.0,0.0,0.0,0.0
317,Cook Islands,Non-energy use,0.0,0.0,0.0,0.0,0.0,0.0,0.0,0.0,0.0,0.0,0.0,0.0,0.0,0.0
318,Solomon Islands,Primary production,0.0,0.0,0.0,0.0,0.0,3305.0,0.0,14.0,0.0,3319.0,3319.0,0.0,0.0,3305.0
319,Solomon Islands,Imports,0.0,0.0,0.0,4622.0,0.0,0.0,0.0,0.0,0.0,4622.0,0.0,0.0,4622.0,4622.0
320,Solomon Islands,Exports,0.0,0.0,0.0,0.0,0.0,0.0,0.0,0.0,0.0,0.0,0.0,0.0,0.0,0.0
321,Solomon Islands,International marine bunkers,0.0,0.0,0.0,-237.0,0.0,0.0,0.0,0.0,0.0,-237.0,0.0,0.0,-237.0,-237.0
322,Solomon Islands,International aviation bunkers,0.0,0.0,0.0,-168.0,0.0,0.0,0.0,0.0,0.0,-168.0,0.0,0.0,-168.0,-168.0
323,Solomon Islands,Stock changes,0.0,0.0,0.0,0.0,0.0,0.0,0.0,0.0,0.0,0.0,0.0,0.0,0.0,0.0
324,Solomon Islands,Total energy supply,0.0,0.0,0.0,4216.0,0.0,3305.0,0.0,14.0,0.0,7535.0,3319.0,0.0,4216.0,7521.0
325,Solomon Islands,Statistical differences,0.0,0.0,0.0,2.0,0.0,0.0,0.0,0.0,0.0,2.0,14.0,0.0,2.0,2.0
326,Solomon Islands,Transfers and recycled products,0.0,0.0,0.0,0.0,0.0,0.0,0.0,0.0,0.0,0.0,0.0,0.0,0.0,0.0
327,Solomon Islands,Transformation,0.0,0.0,0.0,-1015.0,0.0,-73.0,0.0,382.0,0.0,-705.0,-73.0,0.0,-1015.0,-1088.0
328,Solomon Islands,Electricity  CHP & Heat Plants,0.0,0.0,0.0,-1015.0,0.0,-35.0,0.0,382.0,0.0,-668.0,-35.0,0.0,-1015.0,-1050.0
329,Solomon Islands,Electricity Plants,0.0,0.0,0.0,-1015.0,0.0,-35.0,0.0,382.0,0.0,-668.0,-35.0,0.0,-1015.0,-1050.0
330,Solomon Islands,CHP plants,0.0,0.0,0.0,0.0,0.0,0.0,0.0,0.0,0.0,0.0,0.0,0.0,0.0,0.0
331,Solomon Islands,Heat plants,0.0,0.0,0.0,0.0,0.0,0.0,0.0,0.0,0.0,0.0,0.0,0.0,0.0,0.0
332,Solomon Islands,Coke ovens,0.0,0.0,0.0,0.0,0.0,0.0,0.0,0.0,0.0,0.0,0.0,0.0,0.0,0.0
333,Solomon Islands,Briquetting plants,0.0,0.0,0.0,0.0,0.0,0.0,0.0,0.0,0.0,0.0,0.0,0.0,0.0,0.0
334,Solomon Islands,Liquefaction plants,0.0,0.0,0.0,0.0,0.0,0.0,0.0,0.0,0.0,0.0,0.0,0.0,0.0,0.0
335,Solomon Islands,Gas works,0.0,0.0,0.0,0.0,0.0,0.0,0.0,0.0,0.0,0.0,0.0,0.0,0.0,0.0
336,Solomon Islands,Blast furnaces,0.0,0.0,0.0,0.0,0.0,0.0,0.0,0.0,0.0,0.0,0.0,0.0,0.0,0.0
337,Solomon Islands,NGL & gas blending,0.0,0.0,0.0,0.0,0.0,0.0,0.0,0.0,0.0,0.0,0.0,0.0,0.0,0.0
338,Solomon Islands,Oil refineries,0.0,0.0,0.0,0.0,0.0,0.0,0.0,0.0,0.0,0.0,0.0,0.0,0.0,0.0
339,Solomon Islands,Other transformation,0.0,0.0,0.0,0.0,0.0,-38.0,0.0,0.0,0.0,-38.0,-38.0,0.0,0.0,-38.0
340,Solomon Islands,Energy industries own use,0.0,0.0,0.0,0.0,0.0,0.0,0.0,-9.0,0.0,-9.0,0.0,0.0,0.0,0.0
341,Solomon Islands,Losses,0.0,0.0,0.0,0.0,0.0,0.0,0.0,-50.0,0.0,-50.0,0.0,0.0,0.0,0.0
342,Solomon Islands,Final consumption,0.0,0.0,0.0,3199.0,0.0,3232.0,0.0,336.0,0.0,6768.0,3232.0,0.0,3199.0,6431.0
343,Solomon Islands,Final Energy Consumption,0.0,0.0,0.0,3137.0,0.0,3232.0,0.0,336.0,0.0,6705.0,3232.0,0.0,3137.0,6369.0
344,Solomon Islands,Manufacturing  const. and mining,0.0,0.0,0.0,264.0,0.0,0.0,0.0,140.0,0.0,404.0,0.0,0.0,264.0,264.0
345,Solomon Islands,Iron and steel,0.0,0.0,0.0,0.0,0.0,0.0,0.0,0.0,0.0,0.0,0.0,0.0,0.0,0.0
346,Solomon Islands,Chemical and petrochemical,0.0,0.0,0.0,0.0,0.0,0.0,0.0,0.0,0.0,0.0,0.0,0.0,0.0,0.0
347,Solomon Islands,Non-ferrous metals,0.0,0.0,0.0,0.0,0.0,0.0,0.0,0.0,0.0,0.0,0.0,0.0,0.0,0.0
348,Solomon Islands,Non-metallic minerals,0.0,0.0,0.0,0.0,0.0,0.0,0.0,0.0,0.0,0.0,0.0,0.0,0.0,0.0
349,Solomon Islands,Transport equipment,0.0,0.0,0.0,0.0,0.0,0.0,0.0,0.0,0.0,0.0,0.0,0.0,0.0,0.0
350,Solomon Islands,Machinery,0.0,0.0,0.0,0.0,0.0,0.0,0.0,0.0,0.0,0.0,0.0,0.0,0.0,0.0
351,Solomon Islands,Mining and quarrying,0.0,0.0,0.0,0.0,0.0,0.0,0.0,0.0,0.0,0.0,0.0,0.0,0.0,0.0
352,Solomon Islands,Food and tobacco,0.0,0.0,0.0,0.0,0.0,0.0,0.0,0.0,0.0,0.0,0.0,0.0,0.0,0.0
353,Solomon Islands,Paper  pulp and printing,0.0,0.0,0.0,0.0,0.0,0.0,0.0,0.0,0.0,0.0,0.0,0.0,0.0,0.0
354,Solomon Islands,Wood and wood products,0.0,0.0,0.0,0.0,0.0,0.0,0.0,0.0,0.0,0.0,0.0,0.0,0.0,0.0
355,Solomon Islands,Textile and leather,0.0,0.0,0.0,0.0,0.0,0.0,0.0,0.0,0.0,0.0,0.0,0.0,0.0,0.0
356,Solomon Islands,Construction,0.0,0.0,0.0,0.0,0.0,0.0,0.0,0.0,0.0,0.0,0.0,0.0,0.0,0.0
357,Solomon Islands,Industry n.e.s,0.0,0.0,0.0,264.0,0.0,0.0,0.0,140.0,0.0,404.0,0.0,0.0,264.0,264.0
358,Solomon Islands,Transport,0.0,0.0,0.0,2645.0,0.0,0.0,0.0,0.0,0.0,2645.0,0.0,0.0,2645.0,2645.0
359,Solomon Islands,Road,0.0,0.0,0.0,2254.0,0.0,0.0,0.0,0.0,0.0,2254.0,0.0,0.0,2254.0,2254.0
360,Solomon Islands,Rail,0.0,0.0,0.0,0.0,0.0,0.0,0.0,0.0,0.0,0.0,0.0,0.0,0.0,0.0
361,Solomon Islands,Domestic aviation,0.0,0.0,0.0,36.0,0.0,0.0,0.0,0.0,0.0,36.0,0.0,0.0,36.0,36.0
362,Solomon Islands,Domestic navigation,0.0,0.0,0.0,355.0,0.0,0.0,0.0,0.0,0.0,355.0,0.0,0.0,355.0,355.0
363,Solomon Islands,Pipeline transport,0.0,0.0,0.0,0.0,0.0,0.0,0.0,0.0,0.0,0.0,0.0,0.0,0.0,0.0
364,Solomon Islands,Transport n.e.s,0.0,0.0,0.0,0.0,0.0,0.0,0.0,0.0,0.0,0.0,0.0,0.0,0.0,0.0
365,Solomon Islands,Other Consumption,0.0,0.0,0.0,228.0,0.0,3232.0,0.0,196.0,0.0,3656.0,3232.0,0.0,228.0,3460.0
366,Solomon Islands,Agriculture  forestry and fishing,0.0,0.0,0.0,214.0,0.0,0.0,0.0,0.0,0.0,214.0,0.0,0.0,214.0,214.0
367,Solomon Islands,Commerce and public services,0.0,0.0,0.0,0.0,0.0,0.0,0.0,97.0,0.0,97.0,0.0,0.0,0.0,0.0
368,Solomon Islands,Households,0.0,0.0,0.0,13.0,0.0,3232.0,0.0,60.0,0.0,3306.0,3232.0,0.0,13.0,3245.0
369,Solomon Islands,Other consumption n.e.s,0.0,0.0,0.0,0.0,0.0,0.0,0.0,38.0,0.0,38.0,0.0,0.0,0.0,0.0
370,Solomon Islands,Non-energy use,0.0,0.0,0.0,62.0,0.0,0.0,0.0,0.0,0.0,62.0,0.0,0.0,62.0,62.0
371,Tonga,Primary production,0.0,0.0,0.0,0.0,0.0,19.0,0.0,15.0,0.0,34.0,34.0,0.0,0.0,19.0
372,Tonga,Imports,0.0,0.0,0.0,2083.0,0.0,1.0,0.0,0.0,0.0,2083.0,1.0,0.0,2083.0,2084.0
373,Tonga,Exports,0.0,0.0,0.0,0.0,0.0,0.0,0.0,0.0,0.0,0.0,0.0,0.0,0.0,0.0
374,Tonga,International marine bunkers,0.0,0.0,0.0,-16.0,0.0,0.0,0.0,0.0,0.0,-16.0,0.0,0.0,-16.0,-16.0
375,Tonga,International aviation bunkers,0.0,0.0,0.0,-163.0,0.0,0.0,0.0,0.0,0.0,-163.0,0.0,0.0,-163.0,-163.0
376,Tonga,Stock changes,0.0,0.0,0.0,0.0,0.0,0.0,0.0,0.0,0.0,0.0,0.0,0.0,0.0,0.0
377,Tonga,Total energy supply,0.0,0.0,0.0,1904.0,0.0,19.0,0.0,15.0,0.0,1938.0,34.0,0.0,1904.0,1923.0
378,Tonga,Statistical differences,0.0,0.0,0.0,0.0,0.0,0.0,0.0,6.0,0.0,6.0,15.0,0.0,0.0,0.0
379,Tonga,Transfers and recycled products,0.0,0.0,0.0,0.0,0.0,0.0,0.0,0.0,0.0,0.0,0.0,0.0,0.0,0.0
380,Tonga,Transformation,0.0,0.0,0.0,-594.0,0.0,-6.0,0.0,229.0,0.0,-372.0,-6.0,0.0,-594.0,-600.0
381,Tonga,Electricity  CHP & Heat Plants,0.0,0.0,0.0,-594.0,0.0,0.0,0.0,229.0,0.0,-365.0,0.0,0.0,-594.0,-594.0
382,Tonga,Electricity Plants,0.0,0.0,0.0,-594.0,0.0,0.0,0.0,229.0,0.0,-365.0,0.0,0.0,-594.0,-594.0
383,Tonga,CHP plants,0.0,0.0,0.0,0.0,0.0,0.0,0.0,0.0,0.0,0.0,0.0,0.0,0.0,0.0
384,Tonga,Heat plants,0.0,0.0,0.0,0.0,0.0,0.0,0.0,0.0,0.0,0.0,0.0,0.0,0.0,0.0
385,Tonga,Coke ovens,0.0,0.0,0.0,0.0,0.0,0.0,0.0,0.0,0.0,0.0,0.0,0.0,0.0,0.0
386,Tonga,Briquetting plants,0.0,0.0,0.0,0.0,0.0,0.0,0.0,0.0,0.0,0.0,0.0,0.0,0.0,0.0
387,Tonga,Liquefaction plants,0.0,0.0,0.0,0.0,0.0,0.0,0.0,0.0,0.0,0.0,0.0,0.0,0.0,0.0
388,Tonga,Gas works,0.0,0.0,0.0,0.0,0.0,0.0,0.0,0.0,0.0,0.0,0.0,0.0,0.0,0.0
389,Tonga,Blast furnaces,0.0,0.0,0.0,0.0,0.0,0.0,0.0,0.0,0.0,0.0,0.0,0.0,0.0,0.0
390,Tonga,NGL & gas blending,0.0,0.0,0.0,0.0,0.0,0.0,0.0,0.0,0.0,0.0,0.0,0.0,0.0,0.0
391,Tonga,Oil refineries,0.0,0.0,0.0,0.0,0.0,0.0,0.0,0.0,0.0,0.0,0.0,0.0,0.0,0.0
392,Tonga,Other transformation,0.0,0.0,0.0,0.0,0.0,-6.0,0.0,0.0,0.0,-6.0,-6.0,0.0,0.0,-6.0
393,Tonga,Energy industries own use,0.0,0.0,0.0,0.0,0.0,0.0,0.0,-7.0,0.0,-7.0,0.0,0.0,0.0,0.0
394,Tonga,Losses,0.0,0.0,0.0,0.0,0.0,0.0,0.0,-21.0,0.0,-21.0,0.0,0.0,0.0,0.0
395,Tonga,Final consumption,0.0,0.0,0.0,1310.0,0.0,13.0,0.0,210.0,0.0,1533.0,13.0,0.0,1310.0,1323.0
396,Tonga,Final Energy Consumption,0.0,0.0,0.0,1298.0,0.0,13.0,0.0,210.0,0.0,1521.0,13.0,0.0,1298.0,1311.0
397,Tonga,Manufacturing  const. and mining,0.0,0.0,0.0,0.0,0.0,0.0,0.0,0.0,0.0,0.0,0.0,0.0,0.0,0.0
398,Tonga,Iron and steel,0.0,0.0,0.0,0.0,0.0,0.0,0.0,0.0,0.0,0.0,0.0,0.0,0.0,0.0
399,Tonga,Chemical and petrochemical,0.0,0.0,0.0,0.0,0.0,0.0,0.0,0.0,0.0,0.0,0.0,0.0,0.0,0.0
400,Tonga,Non-ferrous metals,0.0,0.0,0.0,0.0,0.0,0.0,0.0,0.0,0.0,0.0,0.0,0.0,0.0,0.0
401,Tonga,Non-metallic minerals,0.0,0.0,0.0,0.0,0.0,0.0,0.0,0.0,0.0,0.0,0.0,0.0,0.0,0.0
402,Tonga,Transport equipment,0.0,0.0,0.0,0.0,0.0,0.0,0.0,0.0,0.0,0.0,0.0,0.0,0.0,0.0
403,Tonga,Machinery,0.0,0.0,0.0,0.0,0.0,0.0,0.0,0.0,0.0,0.0,0.0,0.0,0.0,0.0
404,Tonga,Mining and quarrying,0.0,0.0,0.0,0.0,0.0,0.0,0.0,0.0,0.0,0.0,0.0,0.0,0.0,0.0
405,Tonga,Food and tobacco,0.0,0.0,0.0,0.0,0.0,0.0,0.0,0.0,0.0,0.0,0.0,0.0,0.0,0.0
406,Tonga,Paper  pulp and printing,0.0,0.0,0.0,0.0,0.0,0.0,0.0,0.0,0.0,0.0,0.0,0.0,0.0,0.0
407,Tonga,Wood and wood products,0.0,0.0,0.0,0.0,0.0,0.0,0.0,0.0,0.0,0.0,0.0,0.0,0.0,0.0
408,Tonga,Textile and leather,0.0,0.0,0.0,0.0,0.0,0.0,0.0,0.0,0.0,0.0,0.0,0.0,0.0,0.0
409,Tonga,Construction,0.0,0.0,0.0,0.0,0.0,0.0,0.0,0.0,0.0,0.0,0.0,0.0,0.0,0.0
410,Tonga,Industry n.e.s,0.0,0.0,0.0,0.0,0.0,0.0,0.0,0.0,0.0,0.0,0.0,0.0,0.0,0.0
411,Tonga,Transport,0.0,0.0,0.0,1190.0,0.0,0.0,0.0,0.0,0.0,1190.0,0.0,0.0,1190.0,1190.0
412,Tonga,Road,0.0,0.0,0.0,758.0,0.0,0.0,0.0,0.0,0.0,758.0,0.0,0.0,758.0,758.0
413,Tonga,Rail,0.0,0.0,0.0,0.0,0.0,0.0,0.0,0.0,0.0,0.0,0.0,0.0,0.0,0.0
414,Tonga,Domestic aviation,0.0,0.0,0.0,8.0,0.0,0.0,0.0,0.0,0.0,8.0,0.0,0.0,8.0,8.0
415,Tonga,Domestic navigation,0.0,0.0,0.0,0.0,0.0,0.0,0.0,0.0,0.0,0.0,0.0,0.0,0.0,0.0
416,Tonga,Pipeline transport,0.0,0.0,0.0,0.0,0.0,0.0,0.0,0.0,0.0,0.0,0.0,0.0,0.0,0.0
417,Tonga,Transport n.e.s,0.0,0.0,0.0,424.0,0.0,0.0,0.0,0.0,0.0,424.0,0.0,0.0,424.0,424.0
418,Tonga,Other Consumption,0.0,0.0,0.0,108.0,0.0,13.0,0.0,210.0,0.0,331.0,13.0,0.0,108.0,121.0
419,Tonga,Agriculture  forestry and fishing,0.0,0.0,0.0,0.0,0.0,0.0,0.0,0.0,0.0,0.0,0.0,0.0,0.0,0.0
420,Tonga,Commerce and public services,0.0,0.0,0.0,0.0,0.0,0.0,0.0,69.0,0.0,69.0,0.0,0.0,0.0,0.0
421,Tonga,Households,0.0,0.0,0.0,108.0,0.0,13.0,0.0,76.0,0.0,197.0,13.0,0.0,108.0,121.0
422,Tonga,Other consumption n.e.s,0.0,0.0,0.0,0.0,0.0,0.0,0.0,65.0,0.0,65.0,0.0,0.0,0.0,0.0
423,Tonga,Non-energy use,0.0,0.0,0.0,12.0,0.0,0.0,0.0,0.0,0.0,12.0,0.0,0.0,12.0,12.0
424,New Caledonia,Primary production,0.0,0.0,0.0,0.0,0.0,123.0,0.0,1472.0,141.0,1736.0,1736.0,0.0,0.0,264.0
425,New Caledonia,Imports,33415.0,0.0,0.0,41701.0,0.0,1.0,0.0,0.0,0.0,75117.0,1.0,33415.0,41701.0,75117.0
426,New Caledonia,Exports,0.0,0.0,0.0,0.0,0.0,0.0,0.0,0.0,0.0,0.0,0.0,0.0,0.0,0.0
427,New Caledonia,International marine bunkers,0.0,0.0,0.0,-374.0,0.0,0.0,0.0,0.0,0.0,-374.0,0.0,0.0,-374.0,-374.0
428,New Caledonia,International aviation bunkers,0.0,0.0,0.0,-1574.0,0.0,0.0,0.0,0.0,0.0,-1574.0,0.0,0.0,-1574.0,-1574.0
429,New Caledonia,Stock changes,-746.0,0.0,0.0,-814.0,0.0,0.0,0.0,0.0,0.0,-1561.0,0.0,-746.0,-814.0,-1560.0
430,New Caledonia,Total energy supply,32669.0,0.0,0.0,38938.0,0.0,124.0,0.0,1472.0,141.0,73344.0,1737.0,32669.0,38938.0,71872.0
431,New Caledonia,Statistical differences,0.0,0.0,0.0,0.0,0.0,0.0,0.0,0.0,0.0,0.0,1472.0,0.0,0.0,0.0
432,New Caledonia,Transfers and recycled products,0.0,0.0,0.0,0.0,0.0,0.0,0.0,0.0,0.0,0.0,0.0,0.0,0.0,0.0
433,New Caledonia,Transformation,-21078.0,0.0,0.0,-17707.0,0.0,-22.0,0.0,11077.0,0.0,-27730.0,-22.0,-21078.0,-17707.0,-38807.0
434,New Caledonia,Electricity  CHP & Heat Plants,-21078.0,0.0,0.0,-17707.0,0.0,-5.0,0.0,11077.0,0.0,-27714.0,-5.0,-21078.0,-17707.0,-38790.0
435,New Caledonia,Electricity Plants,-21078.0,0.0,0.0,-17707.0,0.0,-5.0,0.0,11077.0,0.0,-27714.0,-5.0,-21078.0,-17707.0,-38790.0
436,New Caledonia,CHP plants,0.0,0.0,0.0,0.0,0.0,0.0,0.0,0.0,0.0,0.0,0.0,0.0,0.0,0.0
437,New Caledonia,Heat plants,0.0,0.0,0.0,0.0,0.0,0.0,0.0,0.0,0.0,0.0,0.0,0.0,0.0,0.0
438,New Caledonia,Coke ovens,0.0,0.0,0.0,0.0,0.0,0.0,0.0,0.0,0.0,0.0,0.0,0.0,0.0,0.0
439,New Caledonia,Briquetting plants,0.0,0.0,0.0,0.0,0.0,0.0,0.0,0.0,0.0,0.0,0.0,0.0,0.0,0.0
440,New Caledonia,Liquefaction plants,0.0,0.0,0.0,0.0,0.0,0.0,0.0,0.0,0.0,0.0,0.0,0.0,0.0,0.0
441,New Caledonia,Gas works,0.0,0.0,0.0,0.0,0.0,0.0,0.0,0.0,0.0,0.0,0.0,0.0,0.0,0.0
442,New Caledonia,Blast furnaces,0.0,0.0,0.0,0.0,0.0,0.0,0.0,0.0,0.0,0.0,0.0,0.0,0.0,0.0
443,New Caledonia,NGL & gas blending,0.0,0.0,0.0,0.0,0.0,0.0,0.0,0.0,0.0,0.0,0.0,0.0,0.0,0.0
444,New Caledonia,Oil refineries,0.0,0.0,0.0,0.0,0.0,0.0,0.0,0.0,0.0,0.0,0.0,0.0,0.0,0.0
445,New Caledonia,Other transformation,0.0,0.0,0.0,0.0,0.0,-16.0,0.0,0.0,0.0,-16.0,-16.0,0.0,0.0,-16.0
446,New Caledonia,Energy industries own use,0.0,0.0,0.0,0.0,0.0,0.0,0.0,-3.0,0.0,-3.0,0.0,0.0,0.0,0.0
447,New Caledonia,Losses,0.0,0.0,0.0,0.0,0.0,0.0,0.0,-231.0,0.0,-231.0,0.0,0.0,0.0,0.0
448,New Caledonia,Final consumption,11591.0,0.0,0.0,21231.0,0.0,102.0,0.0,12315.0,141.0,45380.0,243.0,11591.0,21231.0,33065.0
449,New Caledonia,Final Energy Consumption,5000.0,0.0,0.0,20564.0,0.0,102.0,0.0,12315.0,141.0,38121.0,243.0,5000.0,20564.0,25807.0
450,New Caledonia,Manufacturing  const. and mining,5000.0,0.0,0.0,9199.0,0.0,0.0,0.0,9860.0,0.0,24059.0,0.0,5000.0,9199.0,14199.0
451,New Caledonia,Iron and steel,0.0,0.0,0.0,0.0,0.0,0.0,0.0,0.0,0.0,0.0,0.0,0.0,0.0,0.0
452,New Caledonia,Chemical and petrochemical,0.0,0.0,0.0,0.0,0.0,0.0,0.0,0.0,0.0,0.0,0.0,0.0,0.0,0.0
453,New Caledonia,Non-ferrous metals,0.0,0.0,0.0,2238.0,0.0,0.0,0.0,9422.0,0.0,11660.0,0.0,0.0,2238.0,2238.0
454,New Caledonia,Non-metallic minerals,5000.0,0.0,0.0,2917.0,0.0,0.0,0.0,0.0,0.0,7917.0,0.0,5000.0,2917.0,7917.0
455,New Caledonia,Transport equipment,0.0,0.0,0.0,0.0,0.0,0.0,0.0,0.0,0.0,0.0,0.0,0.0,0.0,0.0
456,New Caledonia,Machinery,0.0,0.0,0.0,0.0,0.0,0.0,0.0,0.0,0.0,0.0,0.0,0.0,0.0,0.0
457,New Caledonia,Mining and quarrying,0.0,0.0,0.0,3380.0,0.0,0.0,0.0,94.0,0.0,3474.0,0.0,0.0,3380.0,3380.0
458,New Caledonia,Food and tobacco,0.0,0.0,0.0,0.0,0.0,0.0,0.0,0.0,0.0,0.0,0.0,0.0,0.0,0.0
459,New Caledonia,Paper  pulp and printing,0.0,0.0,0.0,0.0,0.0,0.0,0.0,0.0,0.0,0.0,0.0,0.0,0.0,0.0
460,New Caledonia,Wood and wood products,0.0,0.0,0.0,0.0,0.0,0.0,0.0,0.0,0.0,0.0,0.0,0.0,0.0,0.0
461,New Caledonia,Textile and leather,0.0,0.0,0.0,0.0,0.0,0.0,0.0,0.0,0.0,0.0,0.0,0.0,0.0,0.0
462,New Caledonia,Construction,0.0,0.0,0.0,0.0,0.0,0.0,0.0,0.0,0.0,0.0,0.0,0.0,0.0,0.0
463,New Caledonia,Industry n.e.s,0.0,0.0,0.0,664.0,0.0,0.0,0.0,344.0,0.0,1008.0,0.0,0.0,664.0,664.0
464,New Caledonia,Transport,0.0,0.0,0.0,10558.0,0.0,0.0,0.0,0.0,0.0,10558.0,0.0,0.0,10558.0,10558.0
465,New Caledonia,Road,0.0,0.0,0.0,9429.0,0.0,0.0,0.0,0.0,0.0,9429.0,0.0,0.0,9429.0,9429.0
466,New Caledonia,Rail,0.0,0.0,0.0,0.0,0.0,0.0,0.0,0.0,0.0,0.0,0.0,0.0,0.0,0.0
467,New Caledonia,Domestic aviation,0.0,0.0,0.0,357.0,0.0,0.0,0.0,0.0,0.0,357.0,0.0,0.0,357.0,357.0
468,New Caledonia,Domestic navigation,0.0,0.0,0.0,772.0,0.0,0.0,0.0,0.0,0.0,772.0,0.0,0.0,772.0,772.0
469,New Caledonia,Pipeline transport,0.0,0.0,0.0,0.0,0.0,0.0,0.0,0.0,0.0,0.0,0.0,0.0,0.0,0.0
470,New Caledonia,Transport n.e.s,0.0,0.0,0.0,0.0,0.0,0.0,0.0,0.0,0.0,0.0,0.0,0.0,0.0,0.0
471,New Caledonia,Other Consumption,0.0,0.0,0.0,807.0,0.0,102.0,0.0,2454.0,141.0,3504.0,243.0,0.0,807.0,1050.0
472,New Caledonia,Agriculture  forestry and fishing,0.0,0.0,0.0,254.0,0.0,0.0,0.0,0.0,0.0,254.0,0.0,0.0,254.0,254.0
473,New Caledonia,Commerce and public services,0.0,0.0,0.0,194.0,0.0,0.0,0.0,1379.0,141.0,1713.0,141.0,0.0,194.0,335.0
474,New Caledonia,Households,0.0,0.0,0.0,359.0,0.0,102.0,0.0,1076.0,0.0,1537.0,102.0,0.0,359.0,461.0
475,New Caledonia,Other consumption n.e.s,0.0,0.0,0.0,0.0,0.0,0.0,0.0,0.0,0.0,0.0,0.0,0.0,0.0,0.0
476,New Caledonia,Non-energy use,6591.0,0.0,0.0,667.0,0.0,0.0,0.0,0.0,0.0,7258.0,0.0,6591.0,667.0,7258.0
477,French Polynesia,Primary production,0.0,0.0,0.0,0.0,0.0,42.0,0.0,724.0,0.0,766.0,766.0,0.0,0.0,42.0
478,French Polynesia,Imports,0.0,0.0,0.0,12373.0,0.0,7.0,0.0,0.0,0.0,12380.0,7.0,0.0,12373.0,12380.0
479,French Polynesia,Exports,0.0,0.0,0.0,0.0,0.0,0.0,0.0,0.0,0.0,0.0,0.0,0.0,0.0,0.0
480,French Polynesia,International marine bunkers,0.0,0.0,0.0,-680.0,0.0,0.0,0.0,0.0,0.0,-680.0,0.0,0.0,-680.0,-680.0
481,French Polynesia,International aviation bunkers,0.0,0.0,0.0,-405.0,0.0,0.0,0.0,0.0,0.0,-405.0,0.0,0.0,-405.0,-405.0
482,French Polynesia,Stock changes,0.0,0.0,0.0,0.0,0.0,0.0,0.0,0.0,0.0,0.0,0.0,0.0,0.0,0.0
483,French Polynesia,Total energy supply,0.0,0.0,0.0,11288.0,0.0,50.0,0.0,724.0,0.0,12062.0,774.0,0.0,11288.0,11338.0
484,French Polynesia,Statistical differences,0.0,0.0,0.0,0.0,0.0,0.0,0.0,40.0,0.0,40.0,724.0,0.0,0.0,0.0
485,French Polynesia,Transfers and recycled products,0.0,0.0,0.0,0.0,0.0,0.0,0.0,0.0,0.0,0.0,0.0,0.0,0.0,0.0
486,French Polynesia,Transformation,0.0,0.0,0.0,-4544.0,0.0,-14.0,0.0,1780.0,0.0,-2777.0,-14.0,0.0,-4544.0,-4558.0
487,French Polynesia,Electricity  CHP & Heat Plants,0.0,0.0,0.0,-4544.0,0.0,0.0,0.0,1780.0,0.0,-2764.0,0.0,0.0,-4544.0,-4544.0
488,French Polynesia,Electricity Plants,0.0,0.0,0.0,-4544.0,0.0,0.0,0.0,1780.0,0.0,-2764.0,0.0,0.0,-4544.0,-4544.0
489,French Polynesia,CHP plants,0.0,0.0,0.0,0.0,0.0,0.0,0.0,0.0,0.0,0.0,0.0,0.0,0.0,0.0
490,French Polynesia,Heat plants,0.0,0.0,0.0,0.0,0.0,0.0,0.0,0.0,0.0,0.0,0.0,0.0,0.0,0.0
491,French Polynesia,Coke ovens,0.0,0.0,0.0,0.0,0.0,0.0,0.0,0.0,0.0,0.0,0.0,0.0,0.0,0.0
492,French Polynesia,Briquetting plants,0.0,0.0,0.0,0.0,0.0,0.0,0.0,0.0,0.0,0.0,0.0,0.0,0.0,0.0
493,French Polynesia,Liquefaction plants,0.0,0.0,0.0,0.0,0.0,0.0,0.0,0.0,0.0,0.0,0.0,0.0,0.0,0.0
494,French Polynesia,Gas works,0.0,0.0,0.0,0.0,0.0,0.0,0.0,0.0,0.0,0.0,0.0,0.0,0.0,0.0
495,French Polynesia,Blast furnaces,0.0,0.0,0.0,0.0,0.0,0.0,0.0,0.0,0.0,0.0,0.0,0.0,0.0,0.0
496,French Polynesia,NGL & gas blending,0.0,0.0,0.0,0.0,0.0,0.0,0.0,0.0,0.0,0.0,0.0,0.0,0.0,0.0
497,French Polynesia,Oil refineries,0.0,0.0,0.0,0.0,0.0,0.0,0.0,0.0,0.0,0.0,0.0,0.0,0.0,0.0
498,French Polynesia,Other transformation,0.0,0.0,0.0,0.0,0.0,-14.0,0.0,0.0,0.0,-14.0,-14.0,0.0,0.0,-14.0
499,French Polynesia,Energy industries own use,0.0,0.0,0.0,0.0,0.0,0.0,0.0,-34.0,0.0,-34.0,0.0,0.0,0.0,0.0
500,French Polynesia,Losses,0.0,0.0,0.0,0.0,0.0,0.0,0.0,-239.0,0.0,-239.0,0.0,0.0,0.0,0.0
501,French Polynesia,Final consumption,0.0,0.0,0.0,6745.0,0.0,36.0,0.0,2190.0,0.0,8971.0,36.0,0.0,6745.0,6781.0
502,French Polynesia,Final Energy Consumption,0.0,0.0,0.0,6633.0,0.0,36.0,0.0,2190.0,0.0,8859.0,36.0,0.0,6633.0,6669.0
503,French Polynesia,Manufacturing  const. and mining,0.0,0.0,0.0,0.0,0.0,0.0,0.0,0.0,0.0,0.0,0.0,0.0,0.0,0.0
504,French Polynesia,Iron and steel,0.0,0.0,0.0,0.0,0.0,0.0,0.0,0.0,0.0,0.0,0.0,0.0,0.0,0.0
505,French Polynesia,Chemical and petrochemical,0.0,0.0,0.0,0.0,0.0,0.0,0.0,0.0,0.0,0.0,0.0,0.0,0.0,0.0
506,French Polynesia,Non-ferrous metals,0.0,0.0,0.0,0.0,0.0,0.0,0.0,0.0,0.0,0.0,0.0,0.0,0.0,0.0
507,French Polynesia,Non-metallic minerals,0.0,0.0,0.0,0.0,0.0,0.0,0.0,0.0,0.0,0.0,0.0,0.0,0.0,0.0
508,French Polynesia,Transport equipment,0.0,0.0,0.0,0.0,0.0,0.0,0.0,0.0,0.0,0.0,0.0,0.0,0.0,0.0
509,French Polynesia,Machinery,0.0,0.0,0.0,0.0,0.0,0.0,0.0,0.0,0.0,0.0,0.0,0.0,0.0,0.0
510,French Polynesia,Mining and quarrying,0.0,0.0,0.0,0.0,0.0,0.0,0.0,0.0,0.0,0.0,0.0,0.0,0.0,0.0
511,French Polynesia,Food and tobacco,0.0,0.0,0.0,0.0,0.0,0.0,0.0,0.0,0.0,0.0,0.0,0.0,0.0,0.0
512,French Polynesia,Paper  pulp and printing,0.0,0.0,0.0,0.0,0.0,0.0,0.0,0.0,0.0,0.0,0.0,0.0,0.0,0.0
513,French Polynesia,Wood and wood products,0.0,0.0,0.0,0.0,0.0,0.0,0.0,0.0,0.0,0.0,0.0,0.0,0.0,0.0
514,French Polynesia,Textile and leather,0.0,0.0,0.0,0.0,0.0,0.0,0.0,0.0,0.0,0.0,0.0,0.0,0.0,0.0
515,French Polynesia,Construction,0.0,0.0,0.0,0.0,0.0,0.0,0.0,0.0,0.0,0.0,0.0,0.0,0.0,0.0
516,French Polynesia,Industry n.e.s,0.0,0.0,0.0,0.0,0.0,0.0,0.0,0.0,0.0,0.0,0.0,0.0,0.0,0.0
517,French Polynesia,Transport,0.0,0.0,0.0,5647.0,0.0,0.0,0.0,0.0,0.0,5647.0,0.0,0.0,5647.0,5647.0
518,French Polynesia,Road,0.0,0.0,0.0,2325.0,0.0,0.0,0.0,0.0,0.0,2325.0,0.0,0.0,2325.0,2325.0
519,French Polynesia,Rail,0.0,0.0,0.0,0.0,0.0,0.0,0.0,0.0,0.0,0.0,0.0,0.0,0.0,0.0
520,French Polynesia,Domestic aviation,0.0,0.0,0.0,179.0,0.0,0.0,0.0,0.0,0.0,179.0,0.0,0.0,179.0,179.0
521,French Polynesia,Domestic navigation,0.0,0.0,0.0,0.0,0.0,0.0,0.0,0.0,0.0,0.0,0.0,0.0,0.0,0.0
522,French Polynesia,Pipeline transport,0.0,0.0,0.0,0.0,0.0,0.0,0.0,0.0,0.0,0.0,0.0,0.0,0.0,0.0
523,French Polynesia,Transport n.e.s,0.0,0.0,0.0,3143.0,0.0,0.0,0.0,0.0,0.0,3143.0,0.0,0.0,3143.0,3143.0
524,French Polynesia,Other Consumption,0.0,0.0,0.0,986.0,0.0,36.0,0.0,2190.0,0.0,3212.0,36.0,0.0,986.0,1022.0
525,French Polynesia,Agriculture  forestry and fishing,0.0,0.0,0.0,435.0,0.0,0.0,0.0,0.0,0.0,435.0,0.0,0.0,435.0,435.0
526,French Polynesia,Commerce and public services,0.0,0.0,0.0,0.0,0.0,0.0,0.0,986.0,0.0,986.0,0.0,0.0,0.0,0.0
527,French Polynesia,Households,0.0,0.0,0.0,551.0,0.0,36.0,0.0,1205.0,0.0,1791.0,36.0,0.0,551.0,587.0
528,French Polynesia,Other consumption n.e.s,0.0,0.0,0.0,0.0,0.0,0.0,0.0,0.0,0.0,0.0,0.0,0.0,0.0,0.0
529,French Polynesia,Non-energy use,0.0,0.0,0.0,112.0,0.0,0.0,0.0,0.0,0.0,112.0,0.0,0.0,112.0,112.0
530,Micronesia,Primary production,0.0,0.0,0.0,0.0,0.0,24.0,0.0,14.0,0.0,39.0,39.0,0.0,0.0,24.0
531,Micronesia,Imports,0.0,0.0,0.0,2555.0,0.0,0.0,0.0,0.0,0.0,2555.0,0.0,0.0,2555.0,2555.0
532,Micronesia,Exports,0.0,0.0,0.0,0.0,0.0,0.0,0.0,0.0,0.0,0.0,0.0,0.0,0.0,0.0
533,Micronesia,International marine bunkers,0.0,0.0,0.0,-142.0,0.0,0.0,0.0,0.0,0.0,-142.0,0.0,0.0,-142.0,-142.0
534,Micronesia,International aviation bunkers,0.0,0.0,0.0,-281.0,0.0,0.0,0.0,0.0,0.0,-281.0,0.0,0.0,-281.0,-281.0
535,Micronesia,Stock changes,0.0,0.0,0.0,0.0,0.0,0.0,0.0,0.0,0.0,0.0,0.0,0.0,0.0,0.0
536,Micronesia,Total energy supply,0.0,0.0,0.0,2132.0,0.0,24.0,0.0,14.0,0.0,2171.0,39.0,0.0,2132.0,2156.0
537,Micronesia,Statistical differences,0.0,0.0,0.0,5.0,0.0,0.0,0.0,0.0,0.0,5.0,14.0,0.0,5.0,5.0
538,Micronesia,Transfers and recycled products,0.0,0.0,0.0,0.0,0.0,0.0,0.0,0.0,0.0,0.0,0.0,0.0,0.0,0.0
539,Micronesia,Transformation,0.0,0.0,0.0,-830.0,0.0,-10.0,0.0,233.0,0.0,-607.0,-10.0,0.0,-830.0,-840.0
540,Micronesia,Electricity  CHP & Heat Plants,0.0,0.0,0.0,-830.0,0.0,0.0,0.0,233.0,0.0,-597.0,0.0,0.0,-830.0,-830.0
541,Micronesia,Electricity Plants,0.0,0.0,0.0,-830.0,0.0,0.0,0.0,233.0,0.0,-597.0,0.0,0.0,-830.0,-830.0
542,Micronesia,CHP plants,0.0,0.0,0.0,0.0,0.0,0.0,0.0,0.0,0.0,0.0,0.0,0.0,0.0,0.0
543,Micronesia,Heat plants,0.0,0.0,0.0,0.0,0.0,0.0,0.0,0.0,0.0,0.0,0.0,0.0,0.0,0.0
544,Micronesia,Coke ovens,0.0,0.0,0.0,0.0,0.0,0.0,0.0,0.0,0.0,0.0,0.0,0.0,0.0,0.0
545,Micronesia,Briquetting plants,0.0,0.0,0.0,0.0,0.0,0.0,0.0,0.0,0.0,0.0,0.0,0.0,0.0,0.0
546,Micronesia,Liquefaction plants,0.0,0.0,0.0,0.0,0.0,0.0,0.0,0.0,0.0,0.0,0.0,0.0,0.0,0.0
547,Micronesia,Gas works,0.0,0.0,0.0,0.0,0.0,0.0,0.0,0.0,0.0,0.0,0.0,0.0,0.0,0.0
548,Micronesia,Blast furnaces,0.0,0.0,0.0,0.0,0.0,0.0,0.0,0.0,0.0,0.0,0.0,0.0,0.0,0.0
549,Micronesia,NGL & gas blending,0.0,0.0,0.0,0.0,0.0,0.0,0.0,0.0,0.0,0.0,0.0,0.0,0.0,0.0
550,Micronesia,Oil refineries,0.0,0.0,0.0,0.0,0.0,0.0,0.0,0.0,0.0,0.0,0.0,0.0,0.0,0.0
551,Micronesia,Other transformation,0.0,0.0,0.0,0.0,0.0,-10.0,0.0,0.0,0.0,-10.0,-10.0,0.0,0.0,-10.0
552,Micronesia,Energy industries own use,0.0,0.0,0.0,0.0,0.0,0.0,0.0,-8.0,0.0,-8.0,0.0,0.0,0.0,0.0
553,Micronesia,Losses,0.0,0.0,0.0,0.0,0.0,0.0,0.0,-74.0,0.0,-74.0,0.0,0.0,0.0,0.0
554,Micronesia,Final consumption,0.0,0.0,0.0,1297.0,0.0,15.0,0.0,165.0,0.0,1477.0,15.0,0.0,1297.0,1312.0
555,Micronesia,Final Energy Consumption,0.0,0.0,0.0,1205.0,0.0,15.0,0.0,165.0,0.0,1385.0,15.0,0.0,1205.0,1220.0
556,Micronesia,Manufacturing  const. and mining,0.0,0.0,0.0,0.0,0.0,0.0,0.0,53.0,0.0,53.0,0.0,0.0,0.0,0.0
557,Micronesia,Iron and steel,0.0,0.0,0.0,0.0,0.0,0.0,0.0,0.0,0.0,0.0,0.0,0.0,0.0,0.0
558,Micronesia,Chemical and petrochemical,0.0,0.0,0.0,0.0,0.0,0.0,0.0,0.0,0.0,0.0,0.0,0.0,0.0,0.0
559,Micronesia,Non-ferrous metals,0.0,0.0,0.0,0.0,0.0,0.0,0.0,0.0,0.0,0.0,0.0,0.0,0.0,0.0
560,Micronesia,Non-metallic minerals,0.0,0.0,0.0,0.0,0.0,0.0,0.0,0.0,0.0,0.0,0.0,0.0,0.0,0.0
561,Micronesia,Transport equipment,0.0,0.0,0.0,0.0,0.0,0.0,0.0,0.0,0.0,0.0,0.0,0.0,0.0,0.0
562,Micronesia,Machinery,0.0,0.0,0.0,0.0,0.0,0.0,0.0,0.0,0.0,0.0,0.0,0.0,0.0,0.0
563,Micronesia,Mining and quarrying,0.0,0.0,0.0,0.0,0.0,0.0,0.0,0.0,0.0,0.0,0.0,0.0,0.0,0.0
564,Micronesia,Food and tobacco,0.0,0.0,0.0,0.0,0.0,0.0,0.0,0.0,0.0,0.0,0.0,0.0,0.0,0.0
565,Micronesia,Paper  pulp and printing,0.0,0.0,0.0,0.0,0.0,0.0,0.0,0.0,0.0,0.0,0.0,0.0,0.0,0.0
566,Micronesia,Wood and wood products,0.0,0.0,0.0,0.0,0.0,0.0,0.0,0.0,0.0,0.0,0.0,0.0,0.0,0.0
567,Micronesia,Textile and leather,0.0,0.0,0.0,0.0,0.0,0.0,0.0,0.0,0.0,0.0,0.0,0.0,0.0,0.0
568,Micronesia,Construction,0.0,0.0,0.0,0.0,0.0,0.0,0.0,0.0,0.0,0.0,0.0,0.0,0.0,0.0
569,Micronesia,Industry n.e.s,0.0,0.0,0.0,0.0,0.0,0.0,0.0,53.0,0.0,53.0,0.0,0.0,0.0,0.0
570,Micronesia,Transport,0.0,0.0,0.0,1161.0,0.0,0.0,0.0,0.0,0.0,1161.0,0.0,0.0,1161.0,1161.0
571,Micronesia,Road,0.0,0.0,0.0,230.0,0.0,0.0,0.0,0.0,0.0,230.0,0.0,0.0,230.0,230.0
572,Micronesia,Rail,0.0,0.0,0.0,0.0,0.0,0.0,0.0,0.0,0.0,0.0,0.0,0.0,0.0,0.0
573,Micronesia,Domestic aviation,0.0,0.0,0.0,41.0,0.0,0.0,0.0,0.0,0.0,41.0,0.0,0.0,41.0,41.0
574,Micronesia,Domestic navigation,0.0,0.0,0.0,576.0,0.0,0.0,0.0,0.0,0.0,576.0,0.0,0.0,576.0,576.0
575,Micronesia,Pipeline transport,0.0,0.0,0.0,0.0,0.0,0.0,0.0,0.0,0.0,0.0,0.0,0.0,0.0,0.0
576,Micronesia,Transport n.e.s,0.0,0.0,0.0,314.0,0.0,0.0,0.0,0.0,0.0,314.0,0.0,0.0,314.0,314.0
577,Micronesia,Other Consumption,0.0,0.0,0.0,44.0,0.0,15.0,0.0,112.0,0.0,171.0,15.0,0.0,44.0,59.0
578,Micronesia,Agriculture  forestry and fishing,0.0,0.0,0.0,0.0,0.0,0.0,0.0,0.0,0.0,0.0,0.0,0.0,0.0,0.0
579,Micronesia,Commerce and public services,0.0,0.0,0.0,0.0,0.0,0.0,0.0,52.0,0.0,52.0,0.0,0.0,0.0,0.0
580,Micronesia,Households,0.0,0.0,0.0,0.0,0.0,4.0,0.0,60.0,0.0,64.0,4.0,0.0,0.0,4.0
581,Micronesia,Other consumption n.e.s,0.0,0.0,0.0,44.0,0.0,11.0,0.0,0.0,0.0,55.0,11.0,0.0,44.0,55.0
582,Micronesia,Non-energy use,0.0,0.0,0.0,92.0,0.0,0.0,0.0,0.0,0.0,92.0,0.0,0.0,92.0,92.0
583,Niue,Primary production,0.0,0.0,0.0,0.0,0.0,1.0,0.0,2.0,16.0,18.0,18.0,0.0,0.0,17.0
584,Niue,Imports,0.0,0.0,0.0,107.0,0.0,0.0,0.0,0.0,0.0,107.0,0.0,0.0,107.0,107.0
585,Niue,Exports,0.0,0.0,0.0,0.0,0.0,0.0,0.0,0.0,0.0,0.0,0.0,0.0,0.0,0.0
586,Niue,International marine bunkers,0.0,0.0,0.0,0.0,0.0,0.0,0.0,0.0,0.0,0.0,0.0,0.0,0.0,0.0
587,Niue,International aviation bunkers,0.0,0.0,0.0,-21.0,0.0,0.0,0.0,0.0,0.0,-21.0,0.0,0.0,-21.0,-21.0
588,Niue,Stock changes,0.0,0.0,0.0,0.0,0.0,0.0,0.0,0.0,0.0,0.0,0.0,0.0,0.0,0.0
589,Niue,Total energy supply,0.0,0.0,0.0,85.0,0.0,1.0,0.0,2.0,16.0,104.0,18.0,0.0,85.0,102.0
590,Niue,Statistical differences,0.0,0.0,0.0,3.0,0.0,0.0,0.0,0.0,0.0,3.0,2.0,0.0,3.0,3.0
591,Niue,Transfers and recycled products,0.0,0.0,0.0,0.0,0.0,0.0,0.0,0.0,0.0,0.0,0.0,0.0,0.0,0.0
592,Niue,Transformation,0.0,0.0,0.0,-34.0,0.0,0.0,0.0,12.0,0.0,-22.0,0.0,0.0,-34.0,-34.0
593,Niue,Electricity  CHP & Heat Plants,0.0,0.0,0.0,-34.0,0.0,0.0,0.0,12.0,0.0,-22.0,0.0,0.0,-34.0,-34.0
594,Niue,Electricity Plants,0.0,0.0,0.0,-34.0,0.0,0.0,0.0,12.0,0.0,-22.0,0.0,0.0,-34.0,-34.0
595,Niue,CHP plants,0.0,0.0,0.0,0.0,0.0,0.0,0.0,0.0,0.0,0.0,0.0,0.0,0.0,0.0
596,Niue,Heat plants,0.0,0.0,0.0,0.0,0.0,0.0,0.0,0.0,0.0,0.0,0.0,0.0,0.0,0.0
597,Niue,Coke ovens,0.0,0.0,0.0,0.0,0.0,0.0,0.0,0.0,0.0,0.0,0.0,0.0,0.0,0.0
598,Niue,Briquetting plants,0.0,0.0,0.0,0.0,0.0,0.0,0.0,0.0,0.0,0.0,0.0,0.0,0.0,0.0
599,Niue,Liquefaction plants,0.0,0.0,0.0,0.0,0.0,0.0,0.0,0.0,0.0,0.0,0.0,0.0,0.0,0.0
600,Niue,Gas works,0.0,0.0,0.0,0.0,0.0,0.0,0.0,0.0,0.0,0.0,0.0,0.0,0.0,0.0
601,Niue,Blast furnaces,0.0,0.0,0.0,0.0,0.0,0.0,0.0,0.0,0.0,0.0,0.0,0.0,0.0,0.0
602,Niue,NGL & gas blending,0.0,0.0,0.0,0.0,0.0,0.0,0.0,0.0,0.0,0.0,0.0,0.0,0.0,0.0
603,Niue,Oil refineries,0.0,0.0,0.0,0.0,0.0,0.0,0.0,0.0,0.0,0.0,0.0,0.0,0.0,0.0
604,Niue,Other transformation,0.0,0.0,0.0,0.0,0.0,0.0,0.0,0.0,0.0,0.0,0.0,0.0,0.0,0.0
605,Niue,Energy industries own use,0.0,0.0,0.0,0.0,0.0,0.0,0.0,-1.0,0.0,-1.0,0.0,0.0,0.0,0.0
606,Niue,Losses,0.0,0.0,0.0,0.0,0.0,0.0,0.0,-1.0,0.0,-1.0,0.0,0.0,0.0,0.0
607,Niue,Final consumption,0.0,0.0,0.0,48.0,0.0,0.0,0.0,12.0,16.0,76.0,16.0,0.0,48.0,64.0
608,Niue,Final Energy Consumption,0.0,0.0,0.0,48.0,0.0,0.0,0.0,12.0,16.0,76.0,16.0,0.0,48.0,64.0
609,Niue,Manufacturing  const. and mining,0.0,0.0,0.0,2.0,0.0,0.0,0.0,3.0,0.0,5.0,0.0,0.0,2.0,2.0
610,Niue,Iron and steel,0.0,0.0,0.0,0.0,0.0,0.0,0.0,0.0,0.0,0.0,0.0,0.0,0.0,0.0
611,Niue,Chemical and petrochemical,0.0,0.0,0.0,0.0,0.0,0.0,0.0,0.0,0.0,0.0,0.0,0.0,0.0,0.0
612,Niue,Non-ferrous metals,0.0,0.0,0.0,0.0,0.0,0.0,0.0,0.0,0.0,0.0,0.0,0.0,0.0,0.0
613,Niue,Non-metallic minerals,0.0,0.0,0.0,0.0,0.0,0.0,0.0,0.0,0.0,0.0,0.0,0.0,0.0,0.0
614,Niue,Transport equipment,0.0,0.0,0.0,0.0,0.0,0.0,0.0,0.0,0.0,0.0,0.0,0.0,0.0,0.0
615,Niue,Machinery,0.0,0.0,0.0,0.0,0.0,0.0,0.0,0.0,0.0,0.0,0.0,0.0,0.0,0.0
616,Niue,Mining and quarrying,0.0,0.0,0.0,0.0,0.0,0.0,0.0,0.0,0.0,0.0,0.0,0.0,0.0,0.0
617,Niue,Food and tobacco,0.0,0.0,0.0,0.0,0.0,0.0,0.0,0.0,0.0,0.0,0.0,0.0,0.0,0.0
618,Niue,Paper  pulp and printing,0.0,0.0,0.0,0.0,0.0,0.0,0.0,0.0,0.0,0.0,0.0,0.0,0.0,0.0
619,Niue,Wood and wood products,0.0,0.0,0.0,0.0,0.0,0.0,0.0,0.0,0.0,0.0,0.0,0.0,0.0,0.0
620,Niue,Textile and leather,0.0,0.0,0.0,0.0,0.0,0.0,0.0,0.0,0.0,0.0,0.0,0.0,0.0,0.0
621,Niue,Construction,0.0,0.0,0.0,0.0,0.0,0.0,0.0,0.0,0.0,0.0,0.0,0.0,0.0,0.0
622,Niue,Industry n.e.s,0.0,0.0,0.0,2.0,0.0,0.0,0.0,3.0,0.0,5.0,0.0,0.0,2.0,2.0
623,Niue,Transport,0.0,0.0,0.0,42.0,0.0,0.0,0.0,0.0,0.0,42.0,0.0,0.0,42.0,42.0
624,Niue,Road,0.0,0.0,0.0,41.0,0.0,0.0,0.0,0.0,0.0,41.0,0.0,0.0,41.0,41.0
625,Niue,Rail,0.0,0.0,0.0,0.0,0.0,0.0,0.0,0.0,0.0,0.0,0.0,0.0,0.0,0.0
626,Niue,Domestic aviation,0.0,0.0,0.0,1.0,0.0,0.0,0.0,0.0,0.0,1.0,0.0,0.0,1.0,1.0
627,Niue,Domestic navigation,0.0,0.0,0.0,0.0,0.0,0.0,0.0,0.0,0.0,0.0,0.0,0.0,0.0,0.0
628,Niue,Pipeline transport,0.0,0.0,0.0,0.0,0.0,0.0,0.0,0.0,0.0,0.0,0.0,0.0,0.0,0.0
629,Niue,Transport n.e.s,0.0,0.0,0.0,0.0,0.0,0.0,0.0,0.0,0.0,0.0,0.0,0.0,0.0,0.0
630,Niue,Other Consumption,0.0,0.0,0.0,4.0,0.0,0.0,0.0,9.0,16.0,29.0,16.0,0.0,4.0,20.0
631,Niue,Agriculture  forestry and fishing,0.0,0.0,0.0,1.0,0.0,0.0,0.0,0.0,0.0,1.0,0.0,0.0,1.0,1.0
632,Niue,Commerce and public services,0.0,0.0,0.0,1.0,0.0,0.0,0.0,5.0,0.0,6.0,0.0,0.0,1.0,1.0
633,Niue,Households,0.0,0.0,0.0,2.0,0.0,0.0,0.0,4.0,16.0,23.0,16.0,0.0,2.0,18.0
634,Niue,Other consumption n.e.s,0.0,0.0,0.0,0.0,0.0,0.0,0.0,0.0,0.0,0.0,0.0,0.0,0.0,0.0
635,Niue,Non-energy use,0.0,0.0,0.0,0.0,0.0,0.0,0.0,0.0,0.0,0.0,0.0,0.0,0.0,0.0
636,Tuvalu,Primary production,0.0,0.0,0.0,0.0,0.0,0.0,0.0,7.0,0.0,7.0,7.0,0.0,0.0,0.0
637,Tuvalu,Imports,0.0,0.0,0.0,137.0,0.0,0.0,0.0,0.0,0.0,137.0,0.0,0.0,137.0,137.0
638,Tuvalu,Exports,0.0,0.0,0.0,0.0,0.0,0.0,0.0,0.0,0.0,0.0,0.0,0.0,0.0,0.0
639,Tuvalu,International marine bunkers,0.0,0.0,0.0,0.0,0.0,0.0,0.0,0.0,0.0,0.0,0.0,0.0,0.0,0.0
640,Tuvalu,International aviation bunkers,0.0,0.0,0.0,-9.0,0.0,0.0,0.0,0.0,0.0,-9.0,0.0,0.0,-9.0,-9.0
641,Tuvalu,Stock changes,0.0,0.0,0.0,0.0,0.0,0.0,0.0,0.0,0.0,0.0,0.0,0.0,0.0,0.0
642,Tuvalu,Total energy supply,0.0,0.0,0.0,128.0,0.0,0.0,0.0,7.0,0.0,136.0,7.0,0.0,128.0,128.0
643,Tuvalu,Statistical differences,0.0,0.0,0.0,0.0,0.0,0.0,0.0,0.0,0.0,0.0,7.0,0.0,0.0,0.0
644,Tuvalu,Transfers and recycled products,0.0,0.0,0.0,0.0,0.0,0.0,0.0,0.0,0.0,0.0,0.0,0.0,0.0,0.0
645,Tuvalu,Transformation,0.0,0.0,0.0,-92.0,0.0,0.0,0.0,23.0,0.0,-69.0,0.0,0.0,-92.0,-92.0
646,Tuvalu,Electricity  CHP & Heat Plants,0.0,0.0,0.0,-92.0,0.0,0.0,0.0,23.0,0.0,-69.0,0.0,0.0,-92.0,-92.0
647,Tuvalu,Electricity Plants,0.0,0.0,0.0,-92.0,0.0,0.0,0.0,23.0,0.0,-69.0,0.0,0.0,-92.0,-92.0
648,Tuvalu,CHP plants,0.0,0.0,0.0,0.0,0.0,0.0,0.0,0.0,0.0,0.0,0.0,0.0,0.0,0.0
649,Tuvalu,Heat plants,0.0,0.0,0.0,0.0,0.0,0.0,0.0,0.0,0.0,0.0,0.0,0.0,0.0,0.0
650,Tuvalu,Coke ovens,0.0,0.0,0.0,0.0,0.0,0.0,0.0,0.0,0.0,0.0,0.0,0.0,0.0,0.0
651,Tuvalu,Briquetting plants,0.0,0.0,0.0,0.0,0.0,0.0,0.0,0.0,0.0,0.0,0.0,0.0,0.0,0.0
652,Tuvalu,Liquefaction plants,0.0,0.0,0.0,0.0,0.0,0.0,0.0,0.0,0.0,0.0,0.0,0.0,0.0,0.0
653,Tuvalu,Gas works,0.0,0.0,0.0,0.0,0.0,0.0,0.0,0.0,0.0,0.0,0.0,0.0,0.0,0.0
654,Tuvalu,Blast furnaces,0.0,0.0,0.0,0.0,0.0,0.0,0.0,0.0,0.0,0.0,0.0,0.0,0.0,0.0
655,Tuvalu,NGL & gas blending,0.0,0.0,0.0,0.0,0.0,0.0,0.0,0.0,0.0,0.0,0.0,0.0,0.0,0.0
656,Tuvalu,Oil refineries,0.0,0.0,0.0,0.0,0.0,0.0,0.0,0.0,0.0,0.0,0.0,0.0,0.0,0.0
657,Tuvalu,Other transformation,0.0,0.0,0.0,0.0,0.0,0.0,0.0,0.0,0.0,0.0,0.0,0.0,0.0,0.0
658,Tuvalu,Energy industries own use,0.0,0.0,0.0,0.0,0.0,0.0,0.0,-5.0,0.0,-5.0,0.0,0.0,0.0,0.0
659,Tuvalu,Losses,0.0,0.0,0.0,0.0,0.0,0.0,0.0,0.0,0.0,0.0,0.0,0.0,0.0,0.0
660,Tuvalu,Final consumption,0.0,0.0,0.0,36.0,0.0,0.0,0.0,25.0,0.0,61.0,0.0,0.0,36.0,36.0
661,Tuvalu,Final Energy Consumption,0.0,0.0,0.0,36.0,0.0,0.0,0.0,25.0,0.0,61.0,0.0,0.0,36.0,36.0
662,Tuvalu,Manufacturing  const. and mining,0.0,0.0,0.0,0.0,0.0,0.0,0.0,0.0,0.0,0.0,0.0,0.0,0.0,0.0
663,Tuvalu,Iron and steel,0.0,0.0,0.0,0.0,0.0,0.0,0.0,0.0,0.0,0.0,0.0,0.0,0.0,0.0
664,Tuvalu,Chemical and petrochemical,0.0,0.0,0.0,0.0,0.0,0.0,0.0,0.0,0.0,0.0,0.0,0.0,0.0,0.0
665,Tuvalu,Non-ferrous metals,0.0,0.0,0.0,0.0,0.0,0.0,0.0,0.0,0.0,0.0,0.0,0.0,0.0,0.0
666,Tuvalu,Non-metallic minerals,0.0,0.0,0.0,0.0,0.0,0.0,0.0,0.0,0.0,0.0,0.0,0.0,0.0,0.0
667,Tuvalu,Transport equipment,0.0,0.0,0.0,0.0,0.0,0.0,0.0,0.0,0.0,0.0,0.0,0.0,0.0,0.0
668,Tuvalu,Machinery,0.0,0.0,0.0,0.0,0.0,0.0,0.0,0.0,0.0,0.0,0.0,0.0,0.0,0.0
669,Tuvalu,Mining and quarrying,0.0,0.0,0.0,0.0,0.0,0.0,0.0,0.0,0.0,0.0,0.0,0.0,0.0,0.0
670,Tuvalu,Food and tobacco,0.0,0.0,0.0,0.0,0.0,0.0,0.0,0.0,0.0,0.0,0.0,0.0,0.0,0.0
671,Tuvalu,Paper  pulp and printing,0.0,0.0,0.0,0.0,0.0,0.0,0.0,0.0,0.0,0.0,0.0,0.0,0.0,0.0
672,Tuvalu,Wood and wood products,0.0,0.0,0.0,0.0,0.0,0.0,0.0,0.0,0.0,0.0,0.0,0.0,0.0,0.0
673,Tuvalu,Textile and leather,0.0,0.0,0.0,0.0,0.0,0.0,0.0,0.0,0.0,0.0,0.0,0.0,0.0,0.0
674,Tuvalu,Construction,0.0,0.0,0.0,0.0,0.0,0.0,0.0,0.0,0.0,0.0,0.0,0.0,0.0,0.0
675,Tuvalu,Industry n.e.s,0.0,0.0,0.0,0.0,0.0,0.0,0.0,0.0,0.0,0.0,0.0,0.0,0.0,0.0
676,Tuvalu,Transport,0.0,0.0,0.0,25.0,0.0,0.0,0.0,0.0,0.0,25.0,0.0,0.0,25.0,25.0
677,Tuvalu,Road,0.0,0.0,0.0,17.0,0.0,0.0,0.0,0.0,0.0,17.0,0.0,0.0,17.0,17.0
678,Tuvalu,Rail,0.0,0.0,0.0,0.0,0.0,0.0,0.0,0.0,0.0,0.0,0.0,0.0,0.0,0.0
679,Tuvalu,Domestic aviation,0.0,0.0,0.0,0.0,0.0,0.0,0.0,0.0,0.0,0.0,0.0,0.0,0.0,0.0
680,Tuvalu,Domestic navigation,0.0,0.0,0.0,8.0,0.0,0.0,0.0,0.0,0.0,8.0,0.0,0.0,8.0,8.0
681,Tuvalu,Pipeline transport,0.0,0.0,0.0,0.0,0.0,0.0,0.0,0.0,0.0,0.0,0.0,0.0,0.0,0.0
682,Tuvalu,Transport n.e.s,0.0,0.0,0.0,0.0,0.0,0.0,0.0,0.0,0.0,0.0,0.0,0.0,0.0,0.0
683,Tuvalu,Other Consumption,0.0,0.0,0.0,11.0,0.0,0.0,0.0,25.0,0.0,36.0,0.0,0.0,11.0,11.0
684,Tuvalu,Agriculture  forestry and fishing,0.0,0.0,0.0,4.0,0.0,0.0,0.0,0.0,0.0,4.0,0.0,0.0,4.0,4.0
685,Tuvalu,Commerce and public services,0.0,0.0,0.0,0.0,0.0,0.0,0.0,14.0,0.0,14.0,0.0,0.0,0.0,0.0
686,Tuvalu,Households,0.0,0.0,0.0,8.0,0.0,0.0,0.0,11.0,0.0,19.0,0.0,0.0,8.0,8.0
687,Tuvalu,Other consumption n.e.s,0.0,0.0,0.0,0.0,0.0,0.0,0.0,0.0,0.0,0.0,0.0,0.0,0.0,0.0
688,Tuvalu,Non-energy use,0.0,0.0,0.0,0.0,0.0,0.0,0.0,0.0,0.0,0.0,0.0,0.0,0.0,0.0
689,PNG,Primary production,0.0,0.0,44127.0,0.0,114590.0,56739.0,0.0,3159.0,15300.0,233915.0,75198.0,0.0,44127.0,230756.0
690,PNG,Imports,0.0,0.0,60028.0,40328.0,0.0,0.0,0.0,0.0,0.0,100356.0,0.0,0.0,100356.0,100356.0
691,PNG,Exports,0.0,0.0,-44127.0,-19340.0,-97352.0,-7.0,0.0,0.0,0.0,-160826.0,-7.0,0.0,-63467.0,-160826.0
692,PNG,International marine bunkers,0.0,0.0,0.0,-369.0,0.0,0.0,0.0,0.0,0.0,-369.0,0.0,0.0,-369.0,-369.0
693,PNG,International aviation bunkers,0.0,0.0,0.0,-2570.0,0.0,0.0,0.0,0.0,0.0,-2570.0,0.0,0.0,-2570.0,-2570.0
694,PNG,Stock changes,0.0,0.0,-3443.0,-477.0,0.0,0.0,0.0,0.0,0.0,-3920.0,0.0,0.0,-3920.0,-3920.0
695,PNG,Total energy supply,0.0,0.0,56585.0,17571.0,17238.0,56733.0,0.0,3159.0,15300.0,166585.0,75191.0,0.0,74156.0,163427.0
696,PNG,Statistical differences,0.0,0.0,-3824.0,-87.0,-1433.0,0.0,0.0,0.0,0.0,-5343.0,4689.0,0.0,-3911.0,-5344.0
697,PNG,Transfers and recycled products,0.0,0.0,0.0,-1953.0,0.0,0.0,0.0,0.0,0.0,-1953.0,0.0,0.0,-1953.0,-1953.0
698,PNG,Transformation,0.0,0.0,-60409.0,35654.0,-7916.0,-502.0,0.0,12978.0,-15300.0,-35495.0,-14272.0,0.0,-24755.0,-48473.0
699,PNG,Electricity  CHP & Heat Plants,0.0,0.0,0.0,-24496.0,-7916.0,0.0,0.0,12978.0,-15300.0,-34734.0,-13770.0,0.0,-24496.0,-47712.0
700,PNG,Electricity Plants,0.0,0.0,0.0,-24496.0,-7916.0,0.0,0.0,12978.0,-15300.0,-34734.0,-13770.0,0.0,-24496.0,-47712.0
701,PNG,CHP plants,0.0,0.0,0.0,0.0,0.0,0.0,0.0,0.0,0.0,0.0,0.0,0.0,0.0,0.0
702,PNG,Heat plants,0.0,0.0,0.0,0.0,0.0,0.0,0.0,0.0,0.0,0.0,0.0,0.0,0.0,0.0
703,PNG,Coke ovens,0.0,0.0,0.0,0.0,0.0,0.0,0.0,0.0,0.0,0.0,0.0,0.0,0.0,0.0
704,PNG,Briquetting plants,0.0,0.0,0.0,0.0,0.0,0.0,0.0,0.0,0.0,0.0,0.0,0.0,0.0,0.0
705,PNG,Liquefaction plants,0.0,0.0,0.0,0.0,0.0,0.0,0.0,0.0,0.0,0.0,0.0,0.0,0.0,0.0
706,PNG,Gas works,0.0,0.0,0.0,0.0,0.0,0.0,0.0,0.0,0.0,0.0,0.0,0.0,0.0,0.0
707,PNG,Blast furnaces,0.0,0.0,0.0,0.0,0.0,0.0,0.0,0.0,0.0,0.0,0.0,0.0,0.0,0.0
708,PNG,NGL & gas blending,0.0,0.0,0.0,0.0,0.0,0.0,0.0,0.0,0.0,0.0,0.0,0.0,0.0,0.0
709,PNG,Oil refineries,0.0,0.0,-60409.0,60150.0,0.0,0.0,0.0,0.0,0.0,-259.0,0.0,0.0,-259.0,-259.0
710,PNG,Other transformation,0.0,0.0,0.0,0.0,0.0,-502.0,0.0,0.0,0.0,-502.0,-502.0,0.0,0.0,-502.0
711,PNG,Energy industries own use,0.0,0.0,0.0,0.0,-10754.0,0.0,0.0,-688.0,0.0,-11442.0,0.0,0.0,0.0,-10754.0
712,PNG,Losses,0.0,0.0,0.0,0.0,0.0,0.0,0.0,-1224.0,0.0,-1224.0,0.0,0.0,0.0,0.0
713,PNG,Final consumption,0.0,0.0,0.0,51359.0,0.0,56230.0,0.0,14225.0,0.0,121814.0,56230.0,0.0,51359.0,107589.0
714,PNG,Final Energy Consumption,0.0,0.0,0.0,51359.0,0.0,56230.0,0.0,14225.0,0.0,121814.0,56230.0,0.0,51359.0,107589.0
715,PNG,Manufacturing  const. and mining,0.0,0.0,0.0,20592.0,0.0,5867.0,0.0,10443.0,0.0,36902.0,5867.0,0.0,20592.0,26459.0
716,PNG,Iron and steel,0.0,0.0,0.0,0.0,0.0,0.0,0.0,0.0,0.0,0.0,0.0,0.0,0.0,0.0
717,PNG,Chemical and petrochemical,0.0,0.0,0.0,0.0,0.0,0.0,0.0,0.0,0.0,0.0,0.0,0.0,0.0,0.0
718,PNG,Non-ferrous metals,0.0,0.0,0.0,0.0,0.0,0.0,0.0,0.0,0.0,0.0,0.0,0.0,0.0,0.0
719,PNG,Non-metallic minerals,0.0,0.0,0.0,0.0,0.0,0.0,0.0,0.0,0.0,0.0,0.0,0.0,0.0,0.0
720,PNG,Transport equipment,0.0,0.0,0.0,0.0,0.0,0.0,0.0,0.0,0.0,0.0,0.0,0.0,0.0,0.0
721,PNG,Machinery,0.0,0.0,0.0,0.0,0.0,0.0,0.0,0.0,0.0,0.0,0.0,0.0,0.0,0.0
722,PNG,Mining and quarrying,0.0,0.0,0.0,0.0,0.0,0.0,0.0,0.0,0.0,0.0,0.0,0.0,0.0,0.0
723,PNG,Food and tobacco,0.0,0.0,0.0,0.0,0.0,880.0,0.0,0.0,0.0,880.0,880.0,0.0,0.0,880.0
724,PNG,Paper  pulp and printing,0.0,0.0,0.0,0.0,0.0,0.0,0.0,0.0,0.0,0.0,0.0,0.0,0.0,0.0
725,PNG,Wood and wood products,0.0,0.0,0.0,0.0,0.0,0.0,0.0,0.0,0.0,0.0,0.0,0.0,0.0,0.0
726,PNG,Textile and leather,0.0,0.0,0.0,0.0,0.0,0.0,0.0,0.0,0.0,0.0,0.0,0.0,0.0,0.0
727,PNG,Construction,0.0,0.0,0.0,0.0,0.0,0.0,0.0,0.0,0.0,0.0,0.0,0.0,0.0,0.0
728,PNG,Industry n.e.s,0.0,0.0,0.0,20592.0,0.0,4987.0,0.0,10443.0,0.0,36022.0,4987.0,0.0,20592.0,25579.0
729,PNG,Transport,0.0,0.0,0.0,24322.0,0.0,0.0,0.0,0.0,0.0,24322.0,0.0,0.0,24322.0,24322.0
730,PNG,Road,0.0,0.0,0.0,21181.0,0.0,0.0,0.0,0.0,0.0,21181.0,0.0,0.0,21181.0,21181.0
731,PNG,Rail,0.0,0.0,0.0,0.0,0.0,0.0,0.0,0.0,0.0,0.0,0.0,0.0,0.0,0.0
732,PNG,Domestic aviation,0.0,0.0,0.0,3141.0,0.0,0.0,0.0,0.0,0.0,3141.0,0.0,0.0,3141.0,3141.0
733,PNG,Domestic navigation,0.0,0.0,0.0,0.0,0.0,0.0,0.0,0.0,0.0,0.0,0.0,0.0,0.0,0.0
734,PNG,Pipeline transport,0.0,0.0,0.0,0.0,0.0,0.0,0.0,0.0,0.0,0.0,0.0,0.0,0.0,0.0
735,PNG,Transport n.e.s,0.0,0.0,0.0,0.0,0.0,0.0,0.0,0.0,0.0,0.0,0.0,0.0,0.0,0.0
736,PNG,Other Consumption,0.0,0.0,0.0,6445.0,0.0,50363.0,0.0,3782.0,0.0,60590.0,50363.0,0.0,6445.0,56808.0
737,PNG,Agriculture  forestry and fishing,0.0,0.0,0.0,4300.0,0.0,0.0,0.0,249.0,0.0,4549.0,0.0,0.0,4300.0,4300.0
738,PNG,Commerce and public services,0.0,0.0,0.0,902.0,0.0,0.0,0.0,349.0,0.0,1250.0,0.0,0.0,902.0,902.0
739,PNG,Households,0.0,0.0,0.0,1244.0,0.0,50363.0,0.0,3184.0,0.0,54791.0,50363.0,0.0,1244.0,51607.0
740,PNG,Other consumption n.e.s,0.0,0.0,0.0,0.0,0.0,0.0,0.0,0.0,0.0,0.0,0.0,0.0,0.0,0.0
741,PNG,Non-energy use,0.0,0.0,0.0,0.0,0.0,0.0,0.0,0.0,0.0,0.0,0.0,0.0,0.0,0.0
742,Fiji,Primary production,0.0,0.0,0.0,0.0,0.0,4369.0,0.0,2084.0,0.0,6452.0,6452.0,0.0,0.0,4369.0
743,Fiji,Imports,0.0,4.0,4.0,36266.0,0.0,0.0,0.0,0.0,0.0,36275.0,0.0,4.0,36270.0,36274.0
744,Fiji,Exports,0.0,0.0,0.0,-13016.0,0.0,-1.0,0.0,0.0,0.0,-13017.0,-1.0,0.0,-13016.0,-13017.0
745,Fiji,International marine bunkers,0.0,0.0,0.0,-2782.0,0.0,0.0,0.0,0.0,0.0,-2782.0,0.0,0.0,-2782.0,-2782.0
746,Fiji,International aviation bunkers,0.0,0.0,0.0,-1345.0,0.0,0.0,0.0,0.0,0.0,-1345.0,0.0,0.0,-1345.0,-1345.0
747,Fiji,Stock changes,0.0,0.0,0.0,-573.0,0.0,0.0,0.0,0.0,0.0,-573.0,0.0,0.0,-573.0,-573.0
748,Fiji,Total energy supply,0.0,4.0,4.0,18549.0,0.0,4368.0,0.0,2084.0,0.0,25009.0,6451.0,4.0,18553.0,22925.0
749,Fiji,Statistical differences,0.0,0.0,0.0,26.0,0.0,0.0,0.0,0.0,0.0,26.0,2084.0,0.0,26.0,26.0
750,Fiji,Transfers and recycled products,0.0,0.0,0.0,0.0,0.0,0.0,0.0,0.0,0.0,0.0,0.0,0.0,0.0,0.0
751,Fiji,Transformation,0.0,0.0,0.0,-3942.0,0.0,-63.0,0.0,1669.0,0.0,-2336.0,-63.0,0.0,-3942.0,-4005.0
752,Fiji,Electricity  CHP & Heat Plants,0.0,0.0,0.0,-3942.0,0.0,0.0,0.0,1669.0,0.0,-2273.0,0.0,0.0,-3942.0,-3942.0
753,Fiji,Electricity Plants,0.0,0.0,0.0,-3942.0,0.0,0.0,0.0,1669.0,0.0,-2273.0,0.0,0.0,-3942.0,-3942.0
754,Fiji,CHP plants,0.0,0.0,0.0,0.0,0.0,0.0,0.0,0.0,0.0,0.0,0.0,0.0,0.0,0.0
755,Fiji,Heat plants,0.0,0.0,0.0,0.0,0.0,0.0,0.0,0.0,0.0,0.0,0.0,0.0,0.0,0.0
756,Fiji,Coke ovens,0.0,0.0,0.0,0.0,0.0,0.0,0.0,0.0,0.0,0.0,0.0,0.0,0.0,0.0
757,Fiji,Briquetting plants,0.0,0.0,0.0,0.0,0.0,0.0,0.0,0.0,0.0,0.0,0.0,0.0,0.0,0.0
758,Fiji,Liquefaction plants,0.0,0.0,0.0,0.0,0.0,0.0,0.0,0.0,0.0,0.0,0.0,0.0,0.0,0.0
759,Fiji,Gas works,0.0,0.0,0.0,0.0,0.0,0.0,0.0,0.0,0.0,0.0,0.0,0.0,0.0,0.0
760,Fiji,Blast furnaces,0.0,0.0,0.0,0.0,0.0,0.0,0.0,0.0,0.0,0.0,0.0,0.0,0.0,0.0
761,Fiji,NGL & gas blending,0.0,0.0,0.0,0.0,0.0,0.0,0.0,0.0,0.0,0.0,0.0,0.0,0.0,0.0
762,Fiji,Oil refineries,0.0,0.0,0.0,0.0,0.0,0.0,0.0,0.0,0.0,0.0,0.0,0.0,0.0,0.0
763,Fiji,Other transformation,0.0,0.0,0.0,0.0,0.0,-63.0,0.0,0.0,0.0,-63.0,-63.0,0.0,0.0,-63.0
764,Fiji,Energy industries own use,0.0,0.0,0.0,0.0,0.0,0.0,0.0,-178.0,0.0,-178.0,0.0,0.0,0.0,0.0
765,Fiji,Losses,0.0,0.0,0.0,0.0,0.0,0.0,0.0,-310.0,0.0,-310.0,0.0,0.0,0.0,0.0
766,Fiji,Final consumption,0.0,4.0,4.0,14582.0,0.0,4305.0,0.0,3265.0,0.0,22160.0,4305.0,4.0,14586.0,18895.0
767,Fiji,Final Energy Consumption,0.0,4.0,4.0,14373.0,0.0,4305.0,0.0,3265.0,0.0,21951.0,4305.0,4.0,14377.0,18686.0
768,Fiji,Manufacturing  const. and mining,0.0,0.0,4.0,3454.0,0.0,4031.0,0.0,799.0,0.0,8289.0,4031.0,0.0,3458.0,7489.0
769,Fiji,Iron and steel,0.0,0.0,0.0,0.0,0.0,0.0,0.0,0.0,0.0,0.0,0.0,0.0,0.0,0.0
770,Fiji,Chemical and petrochemical,0.0,0.0,0.0,0.0,0.0,0.0,0.0,0.0,0.0,0.0,0.0,0.0,0.0,0.0
771,Fiji,Non-ferrous metals,0.0,0.0,0.0,0.0,0.0,0.0,0.0,0.0,0.0,0.0,0.0,0.0,0.0,0.0
772,Fiji,Non-metallic minerals,0.0,0.0,0.0,0.0,0.0,0.0,0.0,0.0,0.0,0.0,0.0,0.0,0.0,0.0
773,Fiji,Transport equipment,0.0,0.0,0.0,0.0,0.0,0.0,0.0,0.0,0.0,0.0,0.0,0.0,0.0,0.0
774,Fiji,Machinery,0.0,0.0,0.0,0.0,0.0,0.0,0.0,0.0,0.0,0.0,0.0,0.0,0.0,0.0
775,Fiji,Mining and quarrying,0.0,0.0,0.0,0.0,0.0,0.0,0.0,0.0,0.0,0.0,0.0,0.0,0.0,0.0
776,Fiji,Food and tobacco,0.0,0.0,0.0,0.0,0.0,0.0,0.0,0.0,0.0,0.0,0.0,0.0,0.0,0.0
777,Fiji,Paper  pulp and printing,0.0,0.0,0.0,0.0,0.0,0.0,0.0,0.0,0.0,0.0,0.0,0.0,0.0,0.0
778,Fiji,Wood and wood products,0.0,0.0,0.0,0.0,0.0,0.0,0.0,0.0,0.0,0.0,0.0,0.0,0.0,0.0
779,Fiji,Textile and leather,0.0,0.0,0.0,0.0,0.0,0.0,0.0,0.0,0.0,0.0,0.0,0.0,0.0,0.0
780,Fiji,Construction,0.0,0.0,0.0,0.0,0.0,0.0,0.0,0.0,0.0,0.0,0.0,0.0,0.0,0.0
781,Fiji,Industry n.e.s,0.0,0.0,4.0,3454.0,0.0,4031.0,0.0,799.0,0.0,8289.0,4031.0,0.0,3458.0,7489.0
782,Fiji,Transport,0.0,0.0,0.0,9361.0,0.0,0.0,0.0,0.0,0.0,9361.0,0.0,0.0,9361.0,9361.0
783,Fiji,Road,0.0,0.0,0.0,7949.0,0.0,0.0,0.0,0.0,0.0,7949.0,0.0,0.0,7949.0,7949.0
784,Fiji,Rail,0.0,0.0,0.0,0.0,0.0,0.0,0.0,0.0,0.0,0.0,0.0,0.0,0.0,0.0
785,Fiji,Domestic aviation,0.0,0.0,0.0,551.0,0.0,0.0,0.0,0.0,0.0,551.0,0.0,0.0,551.0,551.0
786,Fiji,Domestic navigation,0.0,0.0,0.0,860.0,0.0,0.0,0.0,0.0,0.0,860.0,0.0,0.0,860.0,860.0
787,Fiji,Pipeline transport,0.0,0.0,0.0,0.0,0.0,0.0,0.0,0.0,0.0,0.0,0.0,0.0,0.0,0.0
788,Fiji,Transport n.e.s,0.0,0.0,0.0,0.0,0.0,0.0,0.0,0.0,0.0,0.0,0.0,0.0,0.0,0.0
789,Fiji,Other Consumption,0.0,4.0,0.0,1557.0,0.0,274.0,0.0,2466.0,0.0,4302.0,274.0,4.0,1557.0,1835.0
790,Fiji,Agriculture  forestry and fishing,0.0,0.0,0.0,0.0,0.0,0.0,0.0,0.0,0.0,0.0,0.0,0.0,0.0,0.0
791,Fiji,Commerce and public services,0.0,0.0,0.0,0.0,0.0,0.0,0.0,1501.0,0.0,1501.0,0.0,0.0,0.0,0.0
792,Fiji,Households,0.0,0.0,0.0,1416.0,0.0,274.0,0.0,914.0,0.0,2604.0,274.0,0.0,1416.0,1690.0
793,Fiji,Other consumption n.e.s,0.0,4.0,0.0,142.0,0.0,0.0,0.0,50.0,0.0,196.0,0.0,4.0,142.0,146.0
794,Fiji,Non-energy use,0.0,0.0,0.0,209.0,0.0,0.0,0.0,0.0,0.0,209.0,0.0,0.0,209.0,209.0
